gene	rewiring
ENSMUSG00000119895	0.003648010321054551
ENSMUSG00000078898	0.0033661309685716345
ENSMUSG00000028003	0.0029816410402377924
ENSMUSG00000038156	0.0028544820227361933
ENSMUSG00000089542	0.0026541121986054517
ENSMUSG00000063954	0.0024437225283970854
ENSMUSG00000068855	0.0024158087863785926
ENSMUSG00000107390	0.0023690151720027197
ENSMUSG00000020893	0.0023296551192031334
ENSMUSG00000119520	0.002286725565413872
ENSMUSG00000022425	0.0022503993792039045
ENSMUSG00000073418	0.00222577665350987
ENSMUSG00000056973	0.0022247181186755283
ENSMUSG00000004951	0.0021694798334984666
ENSMUSG00000089255	0.0021485552301603317
ENSMUSG00000038224	0.0020908859775576882
ENSMUSG00000030717	0.0020826028769271865
ENSMUSG00000067455	0.002078753916493481
ENSMUSG00000043122	0.002063981628695921
ENSMUSG00000106107	0.0020475077324151325
ENSMUSG00000020695	0.0020109228824262138
ENSMUSG00000105985	0.002005049966290251
ENSMUSG00000119851	0.0019911973363407887
ENSMUSG00000051149	0.0019902407580214554
ENSMUSG00000087935	0.0019824010797135916
ENSMUSG00000085826	0.0019793322500064603
ENSMUSG00000006724	0.0019788541734910847
ENSMUSG00000057103	0.001896974836808396
ENSMUSG00000012705	0.0018158258227722879
ENSMUSG00000061482	0.0018123022828586688
ENSMUSG00000088088	0.001808834627971545
ENSMUSG00000037548	0.0017833181003633625
ENSMUSG00000060678	0.0017150236913018313
ENSMUSG00000064994	0.0016393076394231043
ENSMUSG00000048142	0.0016255876364952293
ENSMUSG00000074896	0.0016190133104795335
ENSMUSG00000064380	0.0016169393397177378
ENSMUSG00000118859	0.0015962261385306098
ENSMUSG00000052837	0.0015580575327844848
ENSMUSG00000020027	0.0015437612161582903
ENSMUSG00000117789	0.001529918871538749
ENSMUSG00000092470	0.001522570409970725
ENSMUSG00000072664	0.001512443454566137
ENSMUSG00000063681	0.0015107871567116016
ENSMUSG00000058258	0.001502024396133228
ENSMUSG00000065304	0.0014967483322507746
ENSMUSG00000036040	0.001490322406653477
ENSMUSG00000024990	0.0014809696569029196
ENSMUSG00000068893	0.0014782527892363007
ENSMUSG00000109814	0.0014698459413821086
ENSMUSG00000027074	0.0014599522410876364
ENSMUSG00000065087	0.0014503358036553893
ENSMUSG00000030157	0.0014315428658483453
ENSMUSG00000028681	0.0014290885691050637
ENSMUSG00000028713	0.0013968358795837243
ENSMUSG00000088008	0.0013961115378420264
ENSMUSG00000114501	0.0013941144598325073
ENSMUSG00000119892	0.0013908753261012707
ENSMUSG00000060981	0.0013853150382157065
ENSMUSG00000067149	0.0013836190375270396
ENSMUSG00000085683	0.00138287137490134
ENSMUSG00000051331	0.001380609866348581
ENSMUSG00000029231	0.0013711359567624148
ENSMUSG00000062515	0.0013707516507165396
ENSMUSG00000064513	0.0013602905385877717
ENSMUSG00000037254	0.001332743275282322
ENSMUSG00000028862	0.0013152460972236657
ENSMUSG00000118734	0.0013053688389454976
ENSMUSG00000028150	0.0013014529109894868
ENSMUSG00000028715	0.0012999057823699367
ENSMUSG00000026043	0.0012962564225730278
ENSMUSG00000100426	0.001287827699742894
ENSMUSG00000077167	0.0012861762621877437
ENSMUSG00000025508	0.0012659419779872394
ENSMUSG00000074527	0.001259254408881083
ENSMUSG00000119640	0.0012570085789557206
ENSMUSG00000029188	0.0012531650589104881
ENSMUSG00000021453	0.001252031895152439
ENSMUSG00000040978	0.0012475549952493115
ENSMUSG00000022372	0.0012464178053971375
ENSMUSG00000060032	0.0012428217958423415
ENSMUSG00000021135	0.0012404249209199136
ENSMUSG00000027559	0.0012373094544715357
ENSMUSG00000020264	0.0012367348738707706
ENSMUSG00000079363	0.0012199022791454794
ENSMUSG00000087881	0.001218660178292752
ENSMUSG00000028369	0.0012054134579437825
ENSMUSG00000077714	0.0012017963676619337
ENSMUSG00000119227	0.0011980846581004512
ENSMUSG00000023073	0.0011930331768919
ENSMUSG00000054986	0.0011913433731501888
ENSMUSG00000028970	0.0011882320837883764
ENSMUSG00000071532	0.0011868488016436585
ENSMUSG00000090733	0.0011853045587192357
ENSMUSG00000119132	0.0011804719440661193
ENSMUSG00000035910	0.0011793851904934316
ENSMUSG00000022598	0.0011727463651018954
ENSMUSG00000029193	0.001170072137027911
ENSMUSG00000021822	0.0011689180829916879
ENSMUSG00000064655	0.0011638524976965714
ENSMUSG00000119320	0.0011635427612451954
ENSMUSG00000024757	0.0011623948163100861
ENSMUSG00000042766	0.0011572355372068133
ENSMUSG00000077254	0.001155250086478432
ENSMUSG00000118698	0.0011485239432332817
ENSMUSG00000064841	0.0011475883592587666
ENSMUSG00000118839	0.0011436165958093047
ENSMUSG00000022389	0.0011429431279051938
ENSMUSG00000041293	0.0011389749535469784
ENSMUSG00000100992	0.00113511815228573
ENSMUSG00000006235	0.0011325409345973592
ENSMUSG00000065725	0.0011316577979333386
ENSMUSG00000022382	0.0011274227804596304
ENSMUSG00000020163	0.0011226959713475093
ENSMUSG00000039463	0.0011210311798566241
ENSMUSG00000032068	0.0011199217371269388
ENSMUSG00000032060	0.0011190125745728086
ENSMUSG00000079465	0.0011188313785707171
ENSMUSG00000064945	0.0011180235530319216
ENSMUSG00000025153	0.0011159736014965116
ENSMUSG00000065778	0.0011158539447093663
ENSMUSG00000022383	0.0011071131647077959
ENSMUSG00000024011	0.0011048314721182617
ENSMUSG00000070368	0.001101806461872079
ENSMUSG00000034634	0.0011011382389716218
ENSMUSG00000021614	0.001094192815384143
ENSMUSG00000064966	0.0010938881890251162
ENSMUSG00000090264	0.0010922726119780846
ENSMUSG00000026837	0.0010907936543887997
ENSMUSG00000044254	0.0010889655183116131
ENSMUSG00000035540	0.0010881442737302738
ENSMUSG00000034593	0.0010849046673411245
ENSMUSG00000119873	0.0010744234634404437
ENSMUSG00000003526	0.001072576046570739
ENSMUSG00000038641	0.001066271295727228
ENSMUSG00000024526	0.001058838313785726
ENSMUSG00000036564	0.0010552677615698336
ENSMUSG00000116358	0.0010552259199375635
ENSMUSG00000030278	0.0010518635982290636
ENSMUSG00000064387	0.0010487091212877386
ENSMUSG00000022595	0.0010448948965812166
ENSMUSG00000028927	0.0010400348796860692
ENSMUSG00000108825	0.001039242242478089
ENSMUSG00000018417	0.0010387227065215
ENSMUSG00000120604	0.0010385255073681599
ENSMUSG00000016200	0.0010369454156031743
ENSMUSG00000020653	0.0010335116772800523
ENSMUSG00000121280	0.001023917747133063
ENSMUSG00000020788	0.0010146363635349376
ENSMUSG00000021025	0.001012840506544821
ENSMUSG00000097305	0.0010113463524642485
ENSMUSG00000077563	0.0010108828435775319
ENSMUSG00000044471	0.0010095111990502392
ENSMUSG00000022366	0.0010046535292731473
ENSMUSG00000032578	0.0010044446681530816
ENSMUSG00000001270	0.0010037086538154938
ENSMUSG00000021384	0.0010036918770752745
ENSMUSG00000049436	0.0010024181929060294
ENSMUSG00000100862	0.0009999546798350467
ENSMUSG00000119662	0.0009972057270843937
ENSMUSG00000040562	0.0009949796674482148
ENSMUSG00000102145	0.0009947083776483678
ENSMUSG00000048489	0.0009896145909036314
ENSMUSG00000001025	0.0009874968985799093
ENSMUSG00000069305	0.0009843956913270224
ENSMUSG00000030283	0.0009831797413560883
ENSMUSG00000036777	0.0009791579960309882
ENSMUSG00000026864	0.0009732408618289279
ENSMUSG00000033860	0.0009708331539314274
ENSMUSG00000037679	0.0009704318794553357
ENSMUSG00000002797	0.0009694736772555279
ENSMUSG00002074955	0.0009674400445877085
ENSMUSG00000029641	0.000964268323677242
ENSMUSG00000056313	0.0009641558640373082
ENSMUSG00000033763	0.00096052005162095
ENSMUSG00000068964	0.0009540672339467537
ENSMUSG00000021214	0.0009504104302411331
ENSMUSG00000031375	0.0009413653922363263
ENSMUSG00000069267	0.0009396411718418651
ENSMUSG00000118751	0.000939504647627154
ENSMUSG00000022887	0.0009375915686871128
ENSMUSG00000055415	0.0009367452486395145
ENSMUSG00000000359	0.0009338587068505877
ENSMUSG00000047246	0.0009302564919406731
ENSMUSG00000121784	0.0009258531599646291
ENSMUSG00000102504	0.0009214079715392787
ENSMUSG00000064363	0.0009190130907005267
ENSMUSG00000039956	0.0009173325483846639
ENSMUSG00000119668	0.0009172432749730008
ENSMUSG00000052562	0.0009141718944113419
ENSMUSG00000022769	0.00091216114980186
ENSMUSG00000042737	0.0009053997622002763
ENSMUSG00000102602	0.0009016455099523091
ENSMUSG00000006342	0.0008977015771938213
ENSMUSG00000026574	0.0008966474743182795
ENSMUSG00000069008	0.000889240344567721
ENSMUSG00000067144	0.0008888365751522631
ENSMUSG00000002831	0.0008870959561675384
ENSMUSG00000035828	0.000881875848177005
ENSMUSG00000091405	0.0008811370635343208
ENSMUSG00000087968	0.0008732653835685777
ENSMUSG00000064604	0.0008725567201135487
ENSMUSG00000047844	0.0008691027970759713
ENSMUSG00000043461	0.0008686125622532348
ENSMUSG00000044986	0.0008678524564298407
ENSMUSG00000023036	0.0008657360461813424
ENSMUSG00000057863	0.0008645205382112886
ENSMUSG00000090165	0.0008632968413667674
ENSMUSG00000024620	0.0008619933343610997
ENSMUSG00000092274	0.0008615882484378501
ENSMUSG00000077709	0.0008596807722712763
ENSMUSG00000054999	0.0008583317204197138
ENSMUSG00000044338	0.000857668725561922
ENSMUSG00000032719	0.000851044795041167
ENSMUSG00000033705	0.000849857427324352
ENSMUSG00000087819	0.0008496750352963156
ENSMUSG00000099241	0.0008421030565002319
ENSMUSG00000074063	0.0008406787036757679
ENSMUSG00000114860	0.0008402138981988827
ENSMUSG00000039323	0.0008401429393071203
ENSMUSG00000015134	0.0008397511292672633
ENSMUSG00000039058	0.0008377072152296883
ENSMUSG00000109429	0.0008349743260569475
ENSMUSG00000063415	0.0008269125973054958
ENSMUSG00000029368	0.0008258797912561455
ENSMUSG00000032081	0.0008251817235971348
ENSMUSG00000072949	0.0008218778455955089
ENSMUSG00000092837	0.0008216372036304875
ENSMUSG00000085087	0.000821042371893177
ENSMUSG00000121404	0.0008206186912849134
ENSMUSG00000058833	0.000818634933553275
ENSMUSG00000039519	0.0008158433994751579
ENSMUSG00000013611	0.0008147675162877288
ENSMUSG00000031861	0.000814599342787603
ENSMUSG00000095545	0.0008144430316621154
ENSMUSG00000024827	0.0008107478242695976
ENSMUSG00000046794	0.0008052682043503401
ENSMUSG00000037552	0.0008052293838507474
ENSMUSG00000030546	0.0008002911744318109
ENSMUSG00000043770	0.0007993847233546125
ENSMUSG00000074634	0.0007990260041979003
ENSMUSG00002074853	0.0007970655888842604
ENSMUSG00000088948	0.0007962314664800019
ENSMUSG00000025316	0.0007961814757925234
ENSMUSG00000025491	0.0007905891645160201
ENSMUSG00000044786	0.0007880219003625344
ENSMUSG00000115190	0.0007853743497510113
ENSMUSG00000024087	0.0007829764305156139
ENSMUSG00000043496	0.0007827416257182307
ENSMUSG00000000732	0.000782269468934782
ENSMUSG00000009633	0.0007744217973580936
ENSMUSG00000052516	0.0007727276371322089
ENSMUSG00000031167	0.0007701209681152399
ENSMUSG00000040693	0.0007697918225720857
ENSMUSG00000041974	0.0007677680538981102
ENSMUSG00000059824	0.000766710952375349
ENSMUSG00000047793	0.0007657173867018363
ENSMUSG00000092595	0.0007654008757064235
ENSMUSG00000093355	0.0007647545790533394
ENSMUSG00000020062	0.0007615984994202574
ENSMUSG00000025488	0.0007568698378952465
ENSMUSG00000074445	0.0007553112081807312
ENSMUSG00000047379	0.0007529661837869517
ENSMUSG00000032978	0.0007513900426402431
ENSMUSG00000048997	0.0007511331942311461
ENSMUSG00000028031	0.0007510287200627186
ENSMUSG00000101599	0.0007507415981038434
ENSMUSG00000104339	0.000745203336730671
ENSMUSG00000039364	0.0007444744285612925
ENSMUSG00000044349	0.0007415758492504976
ENSMUSG00000035031	0.0007402858864379303
ENSMUSG00000067719	0.0007388652063486933
ENSMUSG00000002289	0.0007386284664712139
ENSMUSG00000004988	0.0007382760554325296
ENSMUSG00000031383	0.000736911464110257
ENSMUSG00000048373	0.0007366094973599857
ENSMUSG00000108884	0.0007359331001735026
ENSMUSG00000045875	0.0007341783991238193
ENSMUSG00000048040	0.0007332760982984299
ENSMUSG00000030256	0.0007319800315316316
ENSMUSG00000021775	0.0007311775045182323
ENSMUSG00000064339	0.0007310848330693842
ENSMUSG00000027870	0.0007292864640080499
ENSMUSG00000049539	0.0007282218307284039
ENSMUSG00000055116	0.0007263950799478724
ENSMUSG00000086859	0.0007257368800005493
ENSMUSG00000027513	0.0007239942820066458
ENSMUSG00000086782	0.0007237528311917485
ENSMUSG00000018486	0.0007233256102421315
ENSMUSG00000019944	0.0007232569295214653
ENSMUSG00000022797	0.0007232301820376819
ENSMUSG00000115423	0.000720326929607551
ENSMUSG00000026725	0.0007184045319063026
ENSMUSG00000064358	0.0007177883477808011
ENSMUSG00000092819	0.0007175571710130724
ENSMUSG00000061906	0.0007160362733915626
ENSMUSG00000034456	0.0007154870884058528
ENSMUSG00000028763	0.0007154719374496965
ENSMUSG00000026930	0.0007153791418457178
ENSMUSG00000020865	0.000710858355743027
ENSMUSG00002075931	0.0007105622151832858
ENSMUSG00000090021	0.0007078425938966681
ENSMUSG00000119476	0.0007054703119345751
ENSMUSG00000024501	0.000704557233668579
ENSMUSG00000115232	0.000704447963047139
ENSMUSG00000069266	0.000702686193914559
ENSMUSG00000032946	0.0007021205700832311
ENSMUSG00000040740	0.0007017141314271669
ENSMUSG00000059901	0.0007008084846902296
ENSMUSG00000020904	0.0006993372113961449
ENSMUSG00000079056	0.0006988915761141357
ENSMUSG00000089665	0.0006988039877355856
ENSMUSG00000014778	0.0006981963244131473
ENSMUSG00000107068	0.0006968119158121677
ENSMUSG00000079165	0.0006928260958525279
ENSMUSG00000120777	0.0006922563639486512
ENSMUSG00000062727	0.0006920211699705803
ENSMUSG00000022026	0.0006905962946988087
ENSMUSG00000031722	0.0006900495181132449
ENSMUSG00000000440	0.0006850931799281534
ENSMUSG00000119761	0.0006847004028003312
ENSMUSG00000112441	0.0006843744460521828
ENSMUSG00000064367	0.0006824754978708159
ENSMUSG00000021495	0.000680435393643708
ENSMUSG00000001349	0.0006790302155583738
ENSMUSG00000060924	0.0006765092853178167
ENSMUSG00000110386	0.000673726438319644
ENSMUSG00000089774	0.0006722503143227199
ENSMUSG00000029778	0.0006719150357333836
ENSMUSG00000102594	0.0006719113597006832
ENSMUSG00000015568	0.0006674320949872081
ENSMUSG00000030218	0.0006660879252073926
ENSMUSG00000015944	0.0006658747511403273
ENSMUSG00000064341	0.0006650544050810225
ENSMUSG00000091705	0.0006640033770319853
ENSMUSG00000102856	0.0006635985185027282
ENSMUSG00000023243	0.0006624662226466516
ENSMUSG00002076696	0.0006622753220566491
ENSMUSG00000028909	0.0006621370407682292
ENSMUSG00000040249	0.0006599457838865064
ENSMUSG00000064382	0.000658741105396099
ENSMUSG00000022010	0.0006586005414613849
ENSMUSG00000065947	0.0006517294269436924
ENSMUSG00000105434	0.0006505440871279466
ENSMUSG00000074028	0.0006500453523731187
ENSMUSG00000121505	0.0006499262367898329
ENSMUSG00000036437	0.0006459728130764342
ENSMUSG00000020182	0.0006458545853021969
ENSMUSG00000037440	0.0006456976017290561
ENSMUSG00000109941	0.0006439803630861052
ENSMUSG00000111692	0.0006437313670133449
ENSMUSG00000068742	0.0006420044106075773
ENSMUSG00000028364	0.0006382229021096864
ENSMUSG00000025969	0.0006380782026523812
ENSMUSG00000064220	0.000637440001159062
ENSMUSG00000114279	0.0006367635878891109
ENSMUSG00000058927	0.0006357152826232948
ENSMUSG00000020108	0.0006349829386608219
ENSMUSG00000028073	0.0006345090915977902
ENSMUSG00000028989	0.0006310740857164987
ENSMUSG00000003477	0.0006289782222129725
ENSMUSG00000055866	0.0006288188411082141
ENSMUSG00000038264	0.0006263978878631171
ENSMUSG00000062785	0.0006252964515234272
ENSMUSG00000039001	0.0006248028993901533
ENSMUSG00000079419	0.0006242195068766332
ENSMUSG00000039542	0.0006237509071439495
ENSMUSG00000095616	0.0006220191788119944
ENSMUSG00000080465	0.0006205620466234185
ENSMUSG00000027111	0.0006200261701516663
ENSMUSG00000119838	0.0006193370286673439
ENSMUSG00000115420	0.0006182008575872366
ENSMUSG00000017724	0.0006179393517238285
ENSMUSG00000023272	0.0006174993509378002
ENSMUSG00000056328	0.000613855933900509
ENSMUSG00000046275	0.0006129379157540082
ENSMUSG00000030878	0.0006125450643169605
ENSMUSG00000089712	0.0006124847836854741
ENSMUSG00000038943	0.0006112321224613915
ENSMUSG00000074024	0.0006110060473901724
ENSMUSG00000074264	0.000610795973613687
ENSMUSG00000022123	0.00060998172179072
ENSMUSG00000079018	0.000608759489294064
ENSMUSG00000032226	0.0006087498517510781
ENSMUSG00000020532	0.0006082569003016403
ENSMUSG00000034522	0.0006077936684627527
ENSMUSG00000105970	0.0006063925578682072
ENSMUSG00000027186	0.0006044051079504564
ENSMUSG00000020255	0.0006042241608332777
ENSMUSG00000031762	0.0006027374778128092
ENSMUSG00000020681	0.000601494972680916
ENSMUSG00000045871	0.0006000396796328467
ENSMUSG00000029372	0.0005999250250017241
ENSMUSG00000107928	0.0005983899687285188
ENSMUSG00002076601	0.0005978767911440919
ENSMUSG00000027070	0.0005973801163815518
ENSMUSG00000040488	0.0005971052130127052
ENSMUSG00000104388	0.0005957659939570537
ENSMUSG00000040260	0.000595688076407197
ENSMUSG00000027326	0.0005952747129835956
ENSMUSG00000067870	0.0005951550457647947
ENSMUSG00000040405	0.0005916844829979562
ENSMUSG00000036856	0.0005893879270549851
ENSMUSG00000042116	0.0005888739111052921
ENSMUSG00000104369	0.0005887384340236279
ENSMUSG00000096929	0.0005869907220104054
ENSMUSG00000069919	0.0005858210506840544
ENSMUSG00000032010	0.0005806148407194733
ENSMUSG00000118815	0.0005799672672526235
ENSMUSG00000119162	0.0005784679734430753
ENSMUSG00000112324	0.000578231185070055
ENSMUSG00000024313	0.0005773589542718005
ENSMUSG00000030935	0.0005765841917535486
ENSMUSG00000023087	0.0005757315692290765
ENSMUSG00002075453	0.0005748651532229143
ENSMUSG00000023886	0.0005740711402438814
ENSMUSG00000029673	0.0005739277935864484
ENSMUSG00000001119	0.0005717223490293577
ENSMUSG00000026814	0.0005717196113897982
ENSMUSG00000096768	0.0005704746766517221
ENSMUSG00000031825	0.0005680682646025392
ENSMUSG00000093413	0.0005666552832490623
ENSMUSG00000030268	0.0005646050846310757
ENSMUSG00000002997	0.0005644744652092415
ENSMUSG00000030862	0.0005635047385572634
ENSMUSG00000070645	0.0005622287837673268
ENSMUSG00000020330	0.0005612955960259125
ENSMUSG00000001870	0.0005611346841298825
ENSMUSG00000059401	0.0005602342842810915
ENSMUSG00000076609	0.0005575728175518657
ENSMUSG00000019768	0.0005571646643969252
ENSMUSG00000100755	0.0005534828217887977
ENSMUSG00000005611	0.0005533105792974169
ENSMUSG00000059201	0.0005514018346671756
ENSMUSG00000002250	0.0005506208185134254
ENSMUSG00000050097	0.0005498487445159128
ENSMUSG00000120992	0.0005492453476527714
ENSMUSG00000039109	0.0005473913641242945
ENSMUSG00000083012	0.0005465710290624148
ENSMUSG00000020604	0.0005465435024709642
ENSMUSG00000050621	0.0005461520435235956
ENSMUSG00000057137	0.00054600295081908
ENSMUSG00000040715	0.0005453355396101145
ENSMUSG00000019970	0.0005445231754716007
ENSMUSG00000101609	0.0005441412791704625
ENSMUSG00000089960	0.0005438870429611553
ENSMUSG00000021228	0.0005413692712346041
ENSMUSG00000005413	0.0005410124011151485
ENSMUSG00000042807	0.0005408071240897705
ENSMUSG00000095079	0.0005393958306768587
ENSMUSG00000077323	0.0005391425935337146
ENSMUSG00002076896	0.0005389696150635004
ENSMUSG00000079105	0.0005379761560450058
ENSMUSG00000021876	0.0005364629025979006
ENSMUSG00000051747	0.0005356869262107544
ENSMUSG00000043168	0.0005352869164715335
ENSMUSG00000028957	0.0005344797923899636
ENSMUSG00000031549	0.0005336074718407247
ENSMUSG00000106320	0.0005331052548797066
ENSMUSG00000105703	0.0005328456546861426
ENSMUSG00000098087	0.0005328194230702632
ENSMUSG00000030737	0.0005304731276661867
ENSMUSG00000070167	0.0005264751361144793
ENSMUSG00000110631	0.0005262230506815069
ENSMUSG00000028339	0.0005259614634196552
ENSMUSG00000078896	0.0005258981436184751
ENSMUSG00000039221	0.0005258001295206371
ENSMUSG00000061104	0.0005246181657200255
ENSMUSG00000073940	0.0005228742605033476
ENSMUSG00000065232	0.0005219866330085088
ENSMUSG00000065118	0.0005211207237267867
ENSMUSG00000074179	0.0005206299629182398
ENSMUSG00000032218	0.0005201145784069494
ENSMUSG00000085541	0.0005200225762601596
ENSMUSG00000028327	0.0005191576835968936
ENSMUSG00000065176	0.0005190654167166464
ENSMUSG00000120543	0.000518685457514767
ENSMUSG00000062997	0.0005184947357649294
ENSMUSG00000038453	0.0005171701467743262
ENSMUSG00000001773	0.0005167216471806402
ENSMUSG00000036862	0.000515859614906522
ENSMUSG00000035686	0.0005157589251368888
ENSMUSG00000090101	0.0005157016869462572
ENSMUSG00000035459	0.0005154221611373133
ENSMUSG00000037725	0.000515419827868624
ENSMUSG00000058672	0.0005151550428712515
ENSMUSG00000022435	0.0005150942356663135
ENSMUSG00000007097	0.0005147836288902363
ENSMUSG00000080316	0.0005138649397452566
ENSMUSG00000079494	0.0005121953152469327
ENSMUSG00000044645	0.0005119638322375053
ENSMUSG00000060093	0.0005116250044323589
ENSMUSG00000003617	0.0005110210924831327
ENSMUSG00002076809	0.0005108266797936301
ENSMUSG00000030109	0.000508597696471158
ENSMUSG00000029602	0.0005071256450808193
ENSMUSG00000023043	0.0005070223990866207
ENSMUSG00000040860	0.0005064830617399485
ENSMUSG00000064360	0.0005055182915485457
ENSMUSG00000022546	0.0005031078673820577
ENSMUSG00000068263	0.0005020831270386994
ENSMUSG00000064351	0.000502024164151571
ENSMUSG00000078597	0.0005015592100656718
ENSMUSG00000025197	0.0005007941591422815
ENSMUSG00000046352	0.0005002331501497981
ENSMUSG00000000628	0.0004995737525812505
ENSMUSG00000041624	0.0004995501992860474
ENSMUSG00000038508	0.0004994254754989713
ENSMUSG00000065353	0.0004992656397132533
ENSMUSG00000027715	0.0004990371477398003
ENSMUSG00000078894	0.00049503355272984
ENSMUSG00000020241	0.0004939837566858563
ENSMUSG00000055827	0.0004933228641514908
ENSMUSG00000110558	0.0004926723872918926
ENSMUSG00000024164	0.0004918161539528842
ENSMUSG00000023120	0.0004915050160944068
ENSMUSG00000031765	0.0004913995081895495
ENSMUSG00000090486	0.0004913589421284836
ENSMUSG00000002265	0.000491092838430407
ENSMUSG00000038550	0.0004910430885303185
ENSMUSG00000074254	0.0004897778136045972
ENSMUSG00000020427	0.000489052803148704
ENSMUSG00000093701	0.0004880447465173132
ENSMUSG00000102070	0.0004869181562182634
ENSMUSG00000029925	0.00048653445710011844
ENSMUSG00000026639	0.0004864730119952254
ENSMUSG00000066072	0.0004858665569754672
ENSMUSG00000121782	0.00048323733974464655
ENSMUSG00000057722	0.0004825425134866723
ENSMUSG00000030854	0.00048097099573252144
ENSMUSG00000015468	0.0004804976954772
ENSMUSG00000065637	0.0004779607819892506
ENSMUSG00000047907	0.00047748030047811696
ENSMUSG00000078193	0.0004774464980508153
ENSMUSG00000033209	0.000476674999171256
ENSMUSG00000088835	0.0004759208023120687
ENSMUSG00000102982	0.0004754558282742405
ENSMUSG00000038393	0.00047545158483297545
ENSMUSG00000045319	0.00047440251829522495
ENSMUSG00000026678	0.00047355387567926677
ENSMUSG00000054385	0.00047256113178328896
ENSMUSG00000044249	0.0004725227061450621
ENSMUSG00000032080	0.00047159036021782175
ENSMUSG00000065653	0.0004714444170271781
ENSMUSG00000022508	0.00047098201979955956
ENSMUSG00000037071	0.0004708575507635926
ENSMUSG00000040896	0.0004701444122098275
ENSMUSG00000106147	0.0004694978022641294
ENSMUSG00000024222	0.00046941809345413255
ENSMUSG00000009013	0.0004690526659664185
ENSMUSG00000086320	0.00046870449016500615
ENSMUSG00000006398	0.00046855338837326066
ENSMUSG00000067736	0.00046837114729392226
ENSMUSG00000029822	0.00046822666392831724
ENSMUSG00000110928	0.0004679444540099942
ENSMUSG00000030337	0.00046724317116852987
ENSMUSG00000074768	0.0004665046534702011
ENSMUSG00000088990	0.00046640452074819816
ENSMUSG00000016194	0.0004663871891399385
ENSMUSG00000020181	0.00046627951044042604
ENSMUSG00000049511	0.0004655777631493718
ENSMUSG00000118790	0.00046525001017061474
ENSMUSG00000037625	0.0004650160109790358
ENSMUSG00000023067	0.00046283305701655397
ENSMUSG00000019232	0.00046273829577436754
ENSMUSG00000053279	0.00046120323007259323
ENSMUSG00000027487	0.0004608107681765006
ENSMUSG00000031294	0.0004606837773398764
ENSMUSG00000026435	0.0004601123129939211
ENSMUSG00000029661	0.0004589062054981552
ENSMUSG00000095675	0.0004582670874143657
ENSMUSG00000037563	0.00045716604868961674
ENSMUSG00000066366	0.000457000587070433
ENSMUSG00000065822	0.00045669088107580524
ENSMUSG00000031283	0.0004565499968195441
ENSMUSG00000073125	0.00045553235039097473
ENSMUSG00000058571	0.0004552884632755827
ENSMUSG00000048583	0.0004544799888953621
ENSMUSG00000043681	0.00045369122400407136
ENSMUSG00000106386	0.0004527593702987609
ENSMUSG00000104094	0.0004517675925461706
ENSMUSG00000020538	0.00045174224247135353
ENSMUSG00000021390	0.00045030852200800275
ENSMUSG00000094306	0.0004498323787421876
ENSMUSG00000019326	0.0004497305663266893
ENSMUSG00000088185	0.00044896363183388743
ENSMUSG00000027331	0.0004473125877547668
ENSMUSG00000030680	0.00044729505755114474
ENSMUSG00000089694	0.0004469757893282855
ENSMUSG00000056755	0.00044684460478705557
ENSMUSG00000040564	0.00044642497878311094
ENSMUSG00000103711	0.00044613575384022663
ENSMUSG00000101939	0.0004441498864122817
ENSMUSG00000087963	0.0004441245652349046
ENSMUSG00000077391	0.000443869339465941
ENSMUSG00000017002	0.0004423257880351583
ENSMUSG00000064901	0.00044230163618186324
ENSMUSG00000031710	0.0004421605760044356
ENSMUSG00000039236	0.0004419653316476424
ENSMUSG00000018166	0.00044177217934360247
ENSMUSG00000079553	0.00044100745169628475
ENSMUSG00000017688	0.0004407247479119025
ENSMUSG00000095300	0.0004405780882450472
ENSMUSG00000077222	0.0004398194038995884
ENSMUSG00000065208	0.00043876813197485376
ENSMUSG00000032420	0.0004386585466075177
ENSMUSG00000093445	0.00043782304114092785
ENSMUSG00000026622	0.00043697668518294375
ENSMUSG00000119577	0.00043638096160780737
ENSMUSG00000031604	0.0004363721277597099
ENSMUSG00000061959	0.00043609782616915727
ENSMUSG00000024190	0.00043416636223392313
ENSMUSG00000038526	0.00043305518320302383
ENSMUSG00000116207	0.0004329201109607439
ENSMUSG00000069273	0.0004325938944491625
ENSMUSG00000043099	0.00043227557201608313
ENSMUSG00000038567	0.00043086662723534896
ENSMUSG00000026077	0.0004306354558091252
ENSMUSG00000057036	0.00043026116908928547
ENSMUSG00000096596	0.000429582426552777
ENSMUSG00000035638	0.0004293283344868337
ENSMUSG00000069274	0.0004283947728100923
ENSMUSG00000048154	0.00042774128024580804
ENSMUSG00000022951	0.00042699890395525575
ENSMUSG00000022218	0.0004260938124905911
ENSMUSG00000025089	0.00042446559376918547
ENSMUSG00000055254	0.00042412636443400764
ENSMUSG00000033453	0.00042344277284311893
ENSMUSG00000064345	0.00042222585174056526
ENSMUSG00000113902	0.0004220238343390914
ENSMUSG00000002346	0.0004217917481958988
ENSMUSG00000064354	0.00042166537407428706
ENSMUSG00000096010	0.0004215665517237621
ENSMUSG00000060143	0.0004202408377784739
ENSMUSG00000044405	0.00041649126484177845
ENSMUSG00000059049	0.0004161641567912433
ENSMUSG00000089617	0.00041386993625525115
ENSMUSG00000048572	0.0004133185072355827
ENSMUSG00000058620	0.00041318244352617217
ENSMUSG00000037754	0.0004129677228414952
ENSMUSG00000028655	0.000411739874405348
ENSMUSG00000028068	0.0004117186391526806
ENSMUSG00000029163	0.000411149782152731
ENSMUSG00000023915	0.00041100909873648117
ENSMUSG00000022033	0.00041080025174033974
ENSMUSG00000119648	0.0004105975176108556
ENSMUSG00000053862	0.00041046459728733
ENSMUSG00000028195	0.0004102213816294942
ENSMUSG00000019577	0.00040976696145977876
ENSMUSG00000097421	0.00040975554849731477
ENSMUSG00000075279	0.00040883694243376567
ENSMUSG00000046574	0.0004061425967459842
ENSMUSG00000080440	0.0004060379329615671
ENSMUSG00000061527	0.0004046464211815426
ENSMUSG00000007872	0.00040373564917217664
ENSMUSG00000028001	0.0004021972926396833
ENSMUSG00000120174	0.00040165266912262076
ENSMUSG00000016252	0.0003999470450009035
ENSMUSG00000071177	0.0003988785885274959
ENSMUSG00000080538	0.00039834679433103926
ENSMUSG00000059743	0.00039575951708992196
ENSMUSG00000048126	0.0003954834282824393
ENSMUSG00000032115	0.0003951497643217561
ENSMUSG00000006542	0.0003950672520325327
ENSMUSG00000037053	0.0003945152972062438
ENSMUSG00000029445	0.0003943201783380701
ENSMUSG00000064370	0.0003942554838514134
ENSMUSG00000016942	0.000393474015487838
ENSMUSG00000064563	0.0003934190860545028
ENSMUSG00000047586	0.00039272458600803084
ENSMUSG00000090086	0.0003917701861761991
ENSMUSG00000021250	0.0003914869026891976
ENSMUSG00000012443	0.000391037271312733
ENSMUSG00000043144	0.00038534226578201825
ENSMUSG00000008683	0.00038452277217582154
ENSMUSG00000121793	0.0003828248309653004
ENSMUSG00000011305	0.00038257977009270583
ENSMUSG00000028967	0.0003823764079609049
ENSMUSG00000120167	0.0003817255592092339
ENSMUSG00000053964	0.0003815159345056385
ENSMUSG00000022304	0.00038133841273191305
ENSMUSG00000031849	0.00037985998980216706
ENSMUSG00000095595	0.0003796140821539229
ENSMUSG00000092220	0.000379500487557638
ENSMUSG00000040998	0.0003789740593705959
ENSMUSG00000038146	0.0003781667516777887
ENSMUSG00000071633	0.0003779101978789168
ENSMUSG00000030972	0.0003778824903823974
ENSMUSG00000005220	0.00037788101376479144
ENSMUSG00000042985	0.0003774661703915827
ENSMUSG00000119670	0.00037741027424009754
ENSMUSG00000026602	0.00037632424843947465
ENSMUSG00000062248	0.000374784883740098
ENSMUSG00000069763	0.0003746886840209074
ENSMUSG00000118841	0.00037195616346363813
ENSMUSG00000085396	0.00036988042984165137
ENSMUSG00000019942	0.00036911855838928087
ENSMUSG00000064368	0.0003674559301489744
ENSMUSG00000022878	0.00036714841350549143
ENSMUSG00000064344	0.0003666410744997961
ENSMUSG00000015850	0.00036631213265692075
ENSMUSG00000029082	0.00036622229288640895
ENSMUSG00000024485	0.0003659534884589144
ENSMUSG00002075983	0.0003633951490840115
ENSMUSG00000030711	0.0003630276303725477
ENSMUSG00000075705	0.0003628570900499062
ENSMUSG00000037953	0.0003625971222135371
ENSMUSG00000032575	0.0003623159229279027
ENSMUSG00000015981	0.0003617359289844746
ENSMUSG00000121783	0.0003608469111725521
ENSMUSG00000051669	0.00036027653260151116
ENSMUSG00000022583	0.00035981598295542483
ENSMUSG00000030096	0.0003594469553777069
ENSMUSG00000029478	0.00035926991267098973
ENSMUSG00000026188	0.000359056141974734
ENSMUSG00000092805	0.0003581736369533406
ENSMUSG00000027533	0.0003578330765182658
ENSMUSG00000046999	0.0003576999019576643
ENSMUSG00000062488	0.00035739927472377975
ENSMUSG00000095123	0.00035702950283789114
ENSMUSG00000028270	0.0003568331924185264
ENSMUSG00000047730	0.0003553775591755848
ENSMUSG00000072893	0.0003548289384109893
ENSMUSG00000007892	0.0003541047208461823
ENSMUSG00000061742	0.00035408167506545407
ENSMUSG00000005980	0.00035362758852663934
ENSMUSG00000045672	0.00035259444778412696
ENSMUSG00000108494	0.00035222725204464567
ENSMUSG00000026348	0.000352157737566694
ENSMUSG00000093789	0.0003519137960107388
ENSMUSG00000121494	0.0003517433934745462
ENSMUSG00000041895	0.000351736807770231
ENSMUSG00000074170	0.0003517020322929554
ENSMUSG00000051262	0.0003514157269532969
ENSMUSG00000054364	0.0003509061675520675
ENSMUSG00000118864	0.0003503018789350332
ENSMUSG00000039395	0.00034928002013712156
ENSMUSG00000079042	0.00034781677899820007
ENSMUSG00000004328	0.0003477676889863668
ENSMUSG00000032198	0.000347690770401865
ENSMUSG00000031886	0.0003472330495994935
ENSMUSG00002074875	0.0003467178369406243
ENSMUSG00000019464	0.000346248905787383
ENSMUSG00000119262	0.00034614395835375067
ENSMUSG00000054146	0.00034598107901495645
ENSMUSG00000049303	0.00034578174180988075
ENSMUSG00000028976	0.0003451279517393546
ENSMUSG00000057836	0.0003442300296242484
ENSMUSG00000005615	0.00034354368193834084
ENSMUSG00000020914	0.0003433841136264437
ENSMUSG00000038775	0.0003429124254914484
ENSMUSG00000071178	0.00034289813658439083
ENSMUSG00000035783	0.00034282605454072357
ENSMUSG00000087259	0.00034262178891819595
ENSMUSG00000070469	0.00034165525133056374
ENSMUSG00000118718	0.00034149551385742605
ENSMUSG00000119286	0.00034107218771373127
ENSMUSG00000033831	0.00034057491263073114
ENSMUSG00000074577	0.0003398998900030481
ENSMUSG00002076451	0.00033905252757504556
ENSMUSG00000026156	0.0003386266379746816
ENSMUSG00000104503	0.0003364109455918918
ENSMUSG00000061808	0.00033601167270069787
ENSMUSG00000041577	0.0003358306578862269
ENSMUSG00000038745	0.0003357455815626853
ENSMUSG00000075031	0.0003355390432743244
ENSMUSG00000111394	0.00033545422169178885
ENSMUSG00000056749	0.00033477664677972196
ENSMUSG00000021451	0.0003344165861786097
ENSMUSG00000020620	0.00033419028303427467
ENSMUSG00000066632	0.0003341875801637917
ENSMUSG00000002910	0.000333365521175244
ENSMUSG00000027875	0.00033211048403147814
ENSMUSG00000029830	0.00033174961330695307
ENSMUSG00000054052	0.00033065954896815963
ENSMUSG00000084106	0.0003303129368054103
ENSMUSG00000037686	0.00032995230690557875
ENSMUSG00000032532	0.0003298903550690291
ENSMUSG00000048096	0.00032956909353587527
ENSMUSG00000068240	0.00032904005485479004
ENSMUSG00000020649	0.00032806473774360523
ENSMUSG00000094932	0.00032697640795043004
ENSMUSG00000030249	0.0003265515349387682
ENSMUSG00000029321	0.0003264795695230305
ENSMUSG00000073640	0.00032557320998893857
ENSMUSG00000077505	0.0003253174653627955
ENSMUSG00000087365	0.0003252996541343034
ENSMUSG00000030111	0.00032521145904007565
ENSMUSG00000060317	0.0003246909920566754
ENSMUSG00000025511	0.0003245726754445011
ENSMUSG00000039438	0.00032379855728570384
ENSMUSG00000092341	0.0003231806280077354
ENSMUSG00000032193	0.0003231120083901917
ENSMUSG00000048078	0.0003231031038902765
ENSMUSG00000079357	0.00032268622825104565
ENSMUSG00000044674	0.0003225201133999489
ENSMUSG00000058740	0.00032182431321936544
ENSMUSG00000003123	0.0003211552713504595
ENSMUSG00000107689	0.0003210419358326
ENSMUSG00000114206	0.00032070661092065134
ENSMUSG00000099927	0.0003199390974454319
ENSMUSG00000004105	0.00031974306234539007
ENSMUSG00000024640	0.0003191737120854521
ENSMUSG00000065226	0.00031914346291861406
ENSMUSG00000081604	0.0003190642514038222
ENSMUSG00000056608	0.00031715748623251105
ENSMUSG00000069307	0.00031671453575599084
ENSMUSG00000020889	0.00031606289620800254
ENSMUSG00000061780	0.0003157612800854803
ENSMUSG00000078880	0.00031563329347827906
ENSMUSG00000041797	0.0003141997951784381
ENSMUSG00000026185	0.00031352301352882694
ENSMUSG00000063590	0.0003134655535182995
ENSMUSG00000027469	0.0003128347578831292
ENSMUSG00000042961	0.0003125706080233659
ENSMUSG00000003541	0.00031232400744063415
ENSMUSG00000030064	0.0003122427369379732
ENSMUSG00000020823	0.0003119793150053729
ENSMUSG00000022512	0.0003114678613088673
ENSMUSG00000006576	0.00031144778661629235
ENSMUSG00000059810	0.0003111189480291543
ENSMUSG00000024299	0.0003109752739471894
ENSMUSG00000025150	0.0003104847249141285
ENSMUSG00000092746	0.0003104745347587423
ENSMUSG00000089281	0.00031019475149418607
ENSMUSG00000021508	0.00030975132997357324
ENSMUSG00000024650	0.00030931275499590516
ENSMUSG00000066687	0.0003092610106274485
ENSMUSG00000033952	0.00030903299436901843
ENSMUSG00000078920	0.0003078426306405424
ENSMUSG00000104030	0.00030772962570557727
ENSMUSG00000006574	0.0003076105294511633
ENSMUSG00000075025	0.0003072107447165129
ENSMUSG00000121042	0.0003065271969980854
ENSMUSG00000001473	0.0003064401324105459
ENSMUSG00000024561	0.00030492843122342794
ENSMUSG00000076617	0.0003046991361528306
ENSMUSG00000027750	0.0003045553917762067
ENSMUSG00000034875	0.00030404997099553466
ENSMUSG00000031775	0.0003036729235339486
ENSMUSG00000029516	0.0003028199085863825
ENSMUSG00000071637	0.00030258097956870067
ENSMUSG00000069516	0.00030232218181669435
ENSMUSG00000001930	0.0003022266653794903
ENSMUSG00000086841	0.00030220389703905504
ENSMUSG00000051811	0.00030114344051146436
ENSMUSG00000048636	0.00030089425164470107
ENSMUSG00000010064	0.0003007043085143657
ENSMUSG00000020911	0.00030058635835261693
ENSMUSG00000019899	0.0003001470559481634
ENSMUSG00000028214	0.00029899611410555416
ENSMUSG00000034892	0.00029889823022610784
ENSMUSG00000065686	0.0002985830989148397
ENSMUSG00000021565	0.0002983824779329014
ENSMUSG00000039196	0.00029836180695452796
ENSMUSG00000030739	0.00029728529201189513
ENSMUSG00000091021	0.0002966801464141522
ENSMUSG00000045294	0.0002961000303050021
ENSMUSG00000031770	0.0002956060887138179
ENSMUSG00000080365	0.00029460224177590977
ENSMUSG00000052305	0.00029447643729885176
ENSMUSG00000023262	0.00029386018995070096
ENSMUSG00000102349	0.0002938397262015613
ENSMUSG00000037411	0.00029283320124817713
ENSMUSG00000010307	0.00029268700347639953
ENSMUSG00000026042	0.00029249685627619204
ENSMUSG00000001506	0.0002921759283858183
ENSMUSG00000119011	0.0002921088006032635
ENSMUSG00000024186	0.00029196473686643465
ENSMUSG00000026605	0.0002913753575896072
ENSMUSG00000120254	0.0002905340155979763
ENSMUSG00000036446	0.00028983673681481914
ENSMUSG00000010044	0.00028980482449325606
ENSMUSG00000027245	0.00028979011828733636
ENSMUSG00000070661	0.00028944447150192065
ENSMUSG00000038418	0.00028932812400683794
ENSMUSG00000120983	0.0002892114584962524
ENSMUSG00000069874	0.00028877153890238816
ENSMUSG00000041237	0.00028865429144631083
ENSMUSG00000036602	0.00028861802023072425
ENSMUSG00000069265	0.0002876338205257678
ENSMUSG00000041431	0.0002875792407106559
ENSMUSG00000015656	0.0002867285546144238
ENSMUSG00000033618	0.00028633917649067975
ENSMUSG00000078875	0.0002857075994556757
ENSMUSG00000020651	0.00028552942552517724
ENSMUSG00000070304	0.00028514320277117644
ENSMUSG00000028571	0.00028470941569047614
ENSMUSG00000027840	0.00028468629875932905
ENSMUSG00000118669	0.00028446694155692676
ENSMUSG00000027322	0.00028437923914292895
ENSMUSG00000034457	0.00028385062325630983
ENSMUSG00000033327	0.0002831355088321885
ENSMUSG00000090958	0.0002829429092192637
ENSMUSG00000026202	0.00028259913900929856
ENSMUSG00000023505	0.0002825179119293475
ENSMUSG00000112637	0.00028228814880049136
ENSMUSG00000104693	0.00028176671156920907
ENSMUSG00000042784	0.0002809773601768484
ENSMUSG00000096852	0.00028061891513153636
ENSMUSG00000025185	0.00028051429830522334
ENSMUSG00000056487	0.0002797975199856362
ENSMUSG00000034825	0.0002797753843872819
ENSMUSG00000121034	0.0002783593490459646
ENSMUSG00000028553	0.00027799138883022323
ENSMUSG00000006313	0.00027730681639814847
ENSMUSG00000019874	0.0002772191006814584
ENSMUSG00000030880	0.0002764421522074567
ENSMUSG00000031844	0.0002760771542790197
ENSMUSG00000064853	0.00027598313158916365
ENSMUSG00000027339	0.0002749472796639285
ENSMUSG00000030228	0.00027491464023421397
ENSMUSG00000041828	0.00027464302646729166
ENSMUSG00000117294	0.00027423452355379574
ENSMUSG00000018830	0.00027346952478335407
ENSMUSG00000026971	0.0002728880001430234
ENSMUSG00000109498	0.0002723303956451151
ENSMUSG00000026579	0.00027217222471764835
ENSMUSG00000043705	0.000271267577075629
ENSMUSG00000042379	0.00027112972510590083
ENSMUSG00000023046	0.00027082180178361615
ENSMUSG00000022853	0.0002707426559643844
ENSMUSG00000104586	0.0002704172870735544
ENSMUSG00000079641	0.0002690652757337819
ENSMUSG00000103313	0.0002689886335450753
ENSMUSG00000099519	0.00026873592956089265
ENSMUSG00000085894	0.00026847254273343335
ENSMUSG00000098934	0.0002672480240937247
ENSMUSG00000065649	0.0002667363868180672
ENSMUSG00000024818	0.00026623783454893246
ENSMUSG00000023013	0.00026619503203184625
ENSMUSG00000079017	0.00026583011040093307
ENSMUSG00000069917	0.0002654521783121977
ENSMUSG00000039648	0.00026366883710227107
ENSMUSG00000078974	0.00026292936917227117
ENSMUSG00000046318	0.0002628571710598937
ENSMUSG00000031465	0.0002619746146642621
ENSMUSG00000065701	0.0002607946834116692
ENSMUSG00000037016	0.00026063346573823587
ENSMUSG00000002055	0.0002601476337880104
ENSMUSG00000063556	0.00025984878675844314
ENSMUSG00000055333	0.00025962772927834443
ENSMUSG00000061100	0.0002595350415827147
ENSMUSG00000053303	0.00025924865973092626
ENSMUSG00000064357	0.0002588392849942611
ENSMUSG00000067847	0.000258758171960749
ENSMUSG00000093535	0.00025864408789999516
ENSMUSG00000091345	0.0002562049122819543
ENSMUSG00000063011	0.00025596077798983874
ENSMUSG00000028712	0.000255956366820409
ENSMUSG00000048911	0.0002554020169703852
ENSMUSG00000046699	0.0002553434835849133
ENSMUSG00000027246	0.0002552219242255571
ENSMUSG00000035545	0.0002550693519000058
ENSMUSG00000031004	0.00025494970905515224
ENSMUSG00000066170	0.00025429878957616836
ENSMUSG00000109314	0.0002538147716957262
ENSMUSG00000053877	0.00025373436478848266
ENSMUSG00000038963	0.0002537241055291517
ENSMUSG00000042834	0.00025194127374972286
ENSMUSG00000005716	0.00025151588169891603
ENSMUSG00000073988	0.000251513769794931
ENSMUSG00000028108	0.00025104252650676173
ENSMUSG00000037010	0.0002497358608516409
ENSMUSG00000065105	0.00024973246182635744
ENSMUSG00000027360	0.00024944341132460135
ENSMUSG00000026840	0.00024890660621423866
ENSMUSG00000064337	0.00024867615600854265
ENSMUSG00000022018	0.0002484785319266658
ENSMUSG00000050071	0.0002480021004291899
ENSMUSG00000084174	0.0002479554429395403
ENSMUSG00002076650	0.00024788536159459085
ENSMUSG00000120913	0.0002470581135139982
ENSMUSG00000023034	0.00024702783418018015
ENSMUSG00000101111	0.00024701040525576534
ENSMUSG00000064427	0.00024636784952736246
ENSMUSG00000034785	0.000244966415371084
ENSMUSG00000047822	0.00024482313935958455
ENSMUSG00000032786	0.00024407860756758826
ENSMUSG00000026315	0.00024347927270573777
ENSMUSG00000058248	0.00024345693032101767
ENSMUSG00000056293	0.0002429898583073964
ENSMUSG00000036062	0.00024273660892881743
ENSMUSG00000040808	0.00024268626992440812
ENSMUSG00000061825	0.00024246555513096624
ENSMUSG00000045328	0.00024218837031564355
ENSMUSG00000022613	0.00024193345348044737
ENSMUSG00000050359	0.00024067376077274716
ENSMUSG00000079362	0.00024015531855048344
ENSMUSG00000026768	0.00023984927427578295
ENSMUSG00000031016	0.00023930781905734388
ENSMUSG00000109628	0.00023887424413560066
ENSMUSG00000021670	0.00023832443941040893
ENSMUSG00000103593	0.0002383229596538694
ENSMUSG00000065016	0.00023792687177459637
ENSMUSG00000027962	0.00023740169773900366
ENSMUSG00000116988	0.0002364692268054247
ENSMUSG00000038738	0.00023635028874247066
ENSMUSG00000020142	0.00023542098210205253
ENSMUSG00000042371	0.00023444820178553094
ENSMUSG00000121777	0.00023318775386227397
ENSMUSG00000036752	0.00023193406312715936
ENSMUSG00000078650	0.0002306686091383403
ENSMUSG00000103089	0.00023058504218853582
ENSMUSG00000032350	0.0002305643153771575
ENSMUSG00000109005	0.0002302684920018061
ENSMUSG00000116305	0.00023003584016845213
ENSMUSG00000029273	0.00022939973861568763
ENSMUSG00000025498	0.00022827557921167863
ENSMUSG00000016763	0.0002282530797197424
ENSMUSG00000068086	0.0002282330256393461
ENSMUSG00000026712	0.00022809822525116097
ENSMUSG00000025650	0.00022786553793407993
ENSMUSG00000074715	0.00022768696957786716
ENSMUSG00000050074	0.0002275789431240849
ENSMUSG00000104960	0.00022703835645332404
ENSMUSG00000079015	0.00022646693394301476
ENSMUSG00000028680	0.00022631351905810781
ENSMUSG00000083405	0.00022629122447015426
ENSMUSG00000068196	0.00022616496477834147
ENSMUSG00000025082	0.000224447035859332
ENSMUSG00000089417	0.0002238737593711626
ENSMUSG00000064451	0.00022329290466527318
ENSMUSG00000028776	0.00022326220965529497
ENSMUSG00000108599	0.00022311118092077642
ENSMUSG00000114943	0.00022260579930732938
ENSMUSG00000034450	0.0002225758106823017
ENSMUSG00000020429	0.00022205357353388688
ENSMUSG00000118866	0.00022181755499539602
ENSMUSG00000032902	0.00022175896798326544
ENSMUSG00000005125	0.00022044034363644105
ENSMUSG00002075625	0.00021866214698040842
ENSMUSG00000025203	0.00021856665772013173
ENSMUSG00000045193	0.0002184694228570816
ENSMUSG00000028262	0.00021825239280770514
ENSMUSG00000069310	0.0002178392729191847
ENSMUSG00000078921	0.0002173793543503999
ENSMUSG00000100210	0.00021730834446165304
ENSMUSG00000001095	0.00021641288295126682
ENSMUSG00000035202	0.00021382991318918965
ENSMUSG00000020593	0.00021382055443819326
ENSMUSG00000010651	0.00021137178954933056
ENSMUSG00000047583	0.00021089616038127978
ENSMUSG00000055782	0.00020981961185251308
ENSMUSG00000030987	0.00020925717328323934
ENSMUSG00000030364	0.0002091080124715372
ENSMUSG00000029482	0.00020813049719603516
ENSMUSG00000050069	0.00020749538583542115
ENSMUSG00000028937	0.00020568302792889348
ENSMUSG00000101249	0.00020492059200938328
ENSMUSG00000018427	0.0002039914881700744
ENSMUSG00000037892	0.00020369928208474608
ENSMUSG00000121785	0.00020186329632276845
ENSMUSG00000116097	0.0002016396676840504
ENSMUSG00000120623	0.0002016015225222434
ENSMUSG00000078664	0.00020136798465908434
ENSMUSG00000001467	0.00020115860979230682
ENSMUSG00000086503	0.00020087329972684476
ENSMUSG00000053580	0.00020021176620521608
ENSMUSG00000110894	0.00019988989484198694
ENSMUSG00000049241	0.00019964362635427335
ENSMUSG00000003779	0.00019944755272660597
ENSMUSG00000053846	0.000199233179732361
ENSMUSG00000027831	0.0001987564861073432
ENSMUSG00000029700	0.00019855760151021862
ENSMUSG00000061175	0.00019849753463130337
ENSMUSG00000031994	0.00019823870369528596
ENSMUSG00000057092	0.00019731136547052053
ENSMUSG00000021702	0.00019727337337460682
ENSMUSG00000022679	0.0001966464603411211
ENSMUSG00000116993	0.0001950882734679249
ENSMUSG00000032758	0.00019390189565748894
ENSMUSG00000031431	0.00019389476729847477
ENSMUSG00000032348	0.00019336030469252474
ENSMUSG00000090369	0.00019325274634107714
ENSMUSG00000020609	0.00019309860465732687
ENSMUSG00000024780	0.00019286518480954307
ENSMUSG00000030087	0.00019282391524966247
ENSMUSG00000099041	0.00019246244072446128
ENSMUSG00000026819	0.00019243099810217767
ENSMUSG00000025317	0.0001914235439428591
ENSMUSG00000047507	0.0001901943407033313
ENSMUSG00000074578	0.0001886361033230921
ENSMUSG00000068744	0.00018842933475649026
ENSMUSG00000078922	0.00018730166931590908
ENSMUSG00000038415	0.0001867561246426952
ENSMUSG00000048546	0.00018653063263607272
ENSMUSG00000033770	0.00018574344905208928
ENSMUSG00000038894	0.00018571983234294542
ENSMUSG00000024552	0.00018557977413302673
ENSMUSG00002076161	0.00018507945865253728
ENSMUSG00000118936	0.000184701784167296
ENSMUSG00000021125	0.00018407928728192413
ENSMUSG00000107304	0.00018402267760309066
ENSMUSG00000033855	0.0001834942529512773
ENSMUSG00000112478	0.00018320432526830466
ENSMUSG00000021388	0.0001828783394686173
ENSMUSG00000059336	0.00017795732999836833
ENSMUSG00000033634	0.0001773662958342026
ENSMUSG00000098306	0.00017718996278071053
ENSMUSG00000005547	0.00017709200633675426
ENSMUSG00000036892	0.00017611848471765779
ENSMUSG00000033715	0.0001751211195354374
ENSMUSG00000029414	0.00017428632532456856
ENSMUSG00000052684	0.00017351760634742863
ENSMUSG00000066113	0.00017348469861322435
ENSMUSG00000024503	0.000170367607099986
ENSMUSG00000026473	0.0001703411491648099
ENSMUSG00000052565	0.00016932111585710174
ENSMUSG00000019767	0.00016812779918395915
ENSMUSG00000024411	0.00016725114661864104
ENSMUSG00000034739	0.00016529414072818938
ENSMUSG00000042425	0.0001648047882819581
ENSMUSG00000097324	0.00016423449786273636
ENSMUSG00000048120	0.00016297506229945302
ENSMUSG00000015090	0.00016283467069799773
ENSMUSG00000077611	0.00016275277763833085
ENSMUSG00000085334	0.00016074922241515743
ENSMUSG00000025889	0.0001601560205483077
ENSMUSG00000013089	0.0001593947159203024
ENSMUSG00000021207	0.00015906935763487784
ENSMUSG00000019997	0.00015885600065446148
ENSMUSG00000020038	0.00015699147388692491
ENSMUSG00000001642	0.00015675742182907904
ENSMUSG00000031980	0.0001564119715861123
ENSMUSG00000025934	0.00015544742528894595
ENSMUSG00000058443	0.00015519041939082712
ENSMUSG00000041920	0.00015453015248689805
ENSMUSG00000121069	0.0001541243956266758
ENSMUSG00000034855	0.0001540536203135101
ENSMUSG00000054072	0.00015347692054468176
ENSMUSG00000032085	0.0001530257814951197
ENSMUSG00000033676	0.0001525201263268272
ENSMUSG00000005268	0.0001521213102070318
ENSMUSG00000120875	0.00015175586437832234
ENSMUSG00000035699	0.0001515053422965762
ENSMUSG00000079262	0.00015135268776278465
ENSMUSG00000044748	0.0001507704476723104
ENSMUSG00000105096	0.0001501878120090394
ENSMUSG00000026220	0.00014974916948318207
ENSMUSG00000054422	0.0001493658007871712
ENSMUSG00000056025	0.00014823540237851596
ENSMUSG00000027699	0.0001471841571140109
ENSMUSG00000017969	0.00014696753871135115
ENSMUSG00000025270	0.00014692662053472638
ENSMUSG00000023905	0.00014536807532838925
ENSMUSG00000108655	0.00014443680366416078
ENSMUSG00000119776	0.00014336188234231884
ENSMUSG00000069300	0.0001405224773513014
ENSMUSG00000024644	0.000139992536959066
ENSMUSG00000104713	0.0001397395604644247
ENSMUSG00000090877	0.00013958857718576745
ENSMUSG00000034371	0.00013808766483003332
ENSMUSG00000038624	0.00013711325160559173
ENSMUSG00000031748	0.00013709533201178292
ENSMUSG00000046070	0.00013693891098331967
ENSMUSG00000058952	0.0001351537795519775
ENSMUSG00000039710	0.00013496611605601228
ENSMUSG00000041301	0.00013463374569311348
ENSMUSG00000042745	0.00013423409798241082
ENSMUSG00000026822	0.00013309518869741854
ENSMUSG00000091694	0.00013062338503611048
ENSMUSG00000026417	0.00013060163306233274
ENSMUSG00000027078	0.0001303473577015657
ENSMUSG00000038489	0.00013005629399709395
ENSMUSG00000019929	0.00012968147104830408
ENSMUSG00000031461	0.00012863833696297178
ENSMUSG00000089809	0.00012706094797843015
ENSMUSG00000110040	0.00012585949864563073
ENSMUSG00000042102	0.00012585206160664608
ENSMUSG00000030795	0.00012568952313574133
ENSMUSG00000025479	0.00012457145856792362
ENSMUSG00000030004	0.00012431056936912377
ENSMUSG00000035186	0.0001242506745625649
ENSMUSG00000032515	0.00012346976826604905
ENSMUSG00000005373	0.00012300244738228105
ENSMUSG00000120425	0.00011894981730053988
ENSMUSG00000029093	0.00011758045868570655
ENSMUSG00000034853	0.00010976868522616368
ENSMUSG00000041523	0.0001069463005407556
ENSMUSG00000063177	0.00010648891758480161
ENSMUSG00000055430	0.00010604740844089022
ENSMUSG00000027820	0.00010522074836727402
ENSMUSG00000033960	0.00010505401298332995
ENSMUSG00000078853	0.00010177246628650938
ENSMUSG00000056234	0.00010073257598819385
ENSMUSG00000027848	9.823376876993972e-05
ENSMUSG00000118837	9.790256858011048e-05
ENSMUSG00000095648	9.715987454239627e-05
ENSMUSG00000061353	9.38633946758749e-05
ENSMUSG00000028444	9.341778697524727e-05
ENSMUSG00000109378	9.149141967401686e-05
ENSMUSG00000038331	9.087000934582257e-05
ENSMUSG00000063382	8.56226066160426e-05
ENSMUSG00000031725	7.36239649717918e-05
ENSMUSG00000004552	7.144332060449177e-05
ENSMUSG00000034771	7.094142727415154e-05
ENSMUSG00000079495	6.771405846706102e-05
ENSMUSG00000121655	6.537822090868506e-05
ENSMUSG00000119206	5.907146615602432e-05
