gene	rewiring_mean	rewiring_std	rank_std
ENSMUSG00000065778	0.007847147454748404	0.0010081639122438424	1.0
ENSMUSG00000093355	0.006970101559571618	0.00045063438590092764	1.0
ENSMUSG00000119132	0.006599551229350686	0.0004801978594271561	0.0
ENSMUSG00000119162	0.006286887294315424	0.0007834281075770888	2.5
ENSMUSG00002076696	0.006049308813792065	0.00026650981956177766	1.0
ENSMUSG00000088990	0.005580566738563109	0.004511010284775074	148.5
ENSMUSG00000031722	0.005123606428961702	0.003481428636809447	78.0
ENSMUSG00000064513	0.004796557763251552	0.0024726182857939816	29.0
ENSMUSG00000118859	0.004747405841920516	0.0025452608964410817	33.5
ENSMUSG00000030278	0.004722871390742844	0.0009621748224524773	13.0
ENSMUSG00000036564	0.004701267412904497	0.0007372068006021304	9.5
ENSMUSG00000064966	0.004650033345900306	0.0002524456515820006	2.5
ENSMUSG00000119320	0.0045455422956873215	0.0006026313286556229	7.0
ENSMUSG00000048142	0.0044410798839437104	0.00020129233394661217	2.0
ENSMUSG00000064841	0.00440644354082248	0.00137330643169703	25.5
ENSMUSG00000119520	0.004395896331175542	0.0020854927075562024	28.0
ENSMUSG00000077709	0.004198901743423911	0.00031536227328204935	6.0
ENSMUSG00000065686	0.004179081824472075	0.0013968233797260754	31.5
ENSMUSG00000087819	0.004123849846211225	0.0011817094161387653	25.5
ENSMUSG00000119895	0.004012247359728549	0.002084217703019975	40.5
ENSMUSG00000077254	0.003956682996942629	4.260140436429527e-05	0.5
ENSMUSG00000027186	0.003931940224305652	0.002517064067577124	69.0
ENSMUSG00000064387	0.003895900783963513	0.00036753209567974565	8.0
ENSMUSG00000048040	0.0038462761515071775	0.000527531253799618	12.5
ENSMUSG00000065725	0.003838430429835893	0.0014240482392255949	23.5
ENSMUSG00000087881	0.003819700389309344	0.0002446948942522731	5.0
ENSMUSG00000027559	0.0038078941338856587	0.000896212665170204	25.5
ENSMUSG00000025153	0.003716273973890627	0.0015102566589755284	28.0
ENSMUSG00000069305	0.0036580325694103855	0.0005168354851093349	14.0
ENSMUSG00000065087	0.0036568554416870347	0.0002298272848992866	3.5
ENSMUSG00000046794	0.0036025332374089447	0.0022599193562807263	101.0
ENSMUSG00000087963	0.003576717556258213	0.0016083200650623963	36.0
ENSMUSG00000000628	0.0035728165232280507	2.7449727095896215e-05	1.0
ENSMUSG00000025488	0.0035648360444066607	0.00022363115609019824	6.0
ENSMUSG00000061482	0.0035460911106489634	0.0011610027196010675	39.0
ENSMUSG00000058833	0.0035424738510372866	0.0012748241790701553	24.0
ENSMUSG00000030546	0.0034416645847405447	0.000604954140599967	22.0
ENSMUSG00000100992	0.0034117573303132365	0.0009249524340468329	33.0
ENSMUSG00000043122	0.003395280301620618	0.0017637303742127353	74.5
ENSMUSG00000031710	0.0033833602850822375	0.0009939827956846337	20.0
ENSMUSG00002075931	0.00334128511088283	0.0011731572362576603	44.5
ENSMUSG00000064994	0.0032041924260552967	0.0002838912052500753	14.5
ENSMUSG00000025508	0.0030856500050327473	0.0004339236632419641	6.5
ENSMUSG00000088948	0.0030836599371741324	0.0007825651054911842	33.0
ENSMUSG00000044405	0.003059559598681816	2.18823097777876e-05	7.0
ENSMUSG00000003123	0.00305140915950447	0.000336493170321861	2.5
ENSMUSG00000039956	0.0030370092236450263	0.00010953604583274767	11.5
ENSMUSG00000092819	0.0030355688916804957	0.0004176653537502628	21.0
ENSMUSG00000085683	0.003000338603870778	0.001819694093826596	94.5
ENSMUSG00000015134	0.00298634207040549	0.000919890525484357	22.0
ENSMUSG00000020532	0.0029682648802475953	0.00020918509248690764	2.0
ENSMUSG00000022598	0.002901666101424838	0.001892388987503213	122.0
ENSMUSG00000064655	0.002898308498948454	0.0018034832701474546	134.0
ENSMUSG00000024526	0.002895473907978452	0.0010415938794038904	32.5
ENSMUSG00000000440	0.002866067521423099	0.0008384595892532709	22.0
ENSMUSG00000118698	0.002799067765462737	0.00018442570451676632	3.5
ENSMUSG00000055415	0.002792912929471758	0.0015561168686272775	79.5
ENSMUSG00000046275	0.002761130858125016	0.0011934968968662085	48.5
ENSMUSG00000068855	0.0027575924983150313	0.0014675925239988064	99.5
ENSMUSG00000118751	0.0027257608362533103	0.0003827095883746079	3.0
ENSMUSG00000026639	0.0026850699123602273	0.0014178779060858848	75.5
ENSMUSG00000077563	0.002633581319338163	0.0011356626097419054	48.5
ENSMUSG00000045319	0.002574236599423352	0.0014122284522755102	93.5
ENSMUSG00000079553	0.0025200174563765887	0.0016304562535531253	167.0
ENSMUSG00000063954	0.0025136128185185846	0.0008284530267443913	33.5
ENSMUSG00000119476	0.002498798595850893	0.0006248281868723726	42.0
ENSMUSG00000024990	0.0024804205112768374	0.00019193517927196257	24.5
ENSMUSG00000022878	0.0024792600500348483	0.0006813062687440752	25.5
ENSMUSG00000020904	0.0024365537083222977	0.0014198432190102306	113.0
ENSMUSG00000064901	0.002433431337304337	0.0009343838508314439	43.5
ENSMUSG00000062515	0.002413715823133211	0.0015730281771231258	158.0
ENSMUSG00002076896	0.002399325588808121	0.0003510372294184827	0.5
ENSMUSG00000032068	0.002394921651688975	0.0008235482522593873	37.0
ENSMUSG00000007097	0.002387713534059366	0.001680759902329465	219.0
ENSMUSG00000012705	0.0023710023833313776	0.0002993825700589592	1.5
ENSMUSG00000035686	0.002342130070951687	0.0005818662780067707	19.5
ENSMUSG00000074024	0.002266991529778939	0.001361761198855005	136.0
ENSMUSG00000091405	0.0022494177990057262	0.0009571648961826384	91.0
ENSMUSG00000118815	0.002218673906252633	0.0010703815896860869	84.5
ENSMUSG00000065822	0.0022095264806661352	0.0005869680401864863	60.0
ENSMUSG00000064382	0.002174105110813729	0.0009843504190686359	75.0
ENSMUSG00000055782	0.002165648972361489	0.0002450629215760003	0.5
ENSMUSG00000060981	0.0021403074367459807	0.000704185709534344	34.5
ENSMUSG00000006235	0.0021380991236275015	0.00040345699069044283	11.5
ENSMUSG00000064427	0.002134821169165635	0.0007185630531529874	37.5
ENSMUSG00000077505	0.0021280131570449168	0.00014988698913787069	8.5
ENSMUSG00002074853	0.0020807857642220484	0.0004846112402966951	54.5
ENSMUSG00000089542	0.0020769522592605782	0.000352104050483526	9.0
ENSMUSG00000088008	0.0020606001014472075	0.0008242913059205992	56.5
ENSMUSG00000069266	0.0020545743984592413	0.0006027788432395598	71.0
ENSMUSG00002074875	0.0020439156951138626	3.2403161164262784e-06	19.0
ENSMUSG00000089665	0.0020290784080024826	0.0003710456633578829	10.5
ENSMUSG00000060032	0.002008660906284765	0.001562659564126323	342.5
ENSMUSG00000110558	0.0020044229527779733	0.0014967338163212607	294.0
ENSMUSG00000020695	0.002002779624182882	0.00046964781763264574	58.5
ENSMUSG00000092837	0.001969637174436989	0.00018943456122300084	34.0
ENSMUSG00000030717	0.0019678048837161732	0.0005420931906122695	28.5
ENSMUSG00000042784	0.001967461365896983	0.0011875731314414661	159.5
ENSMUSG00000080538	0.0019655277546477556	0.001154982926709014	151.0
ENSMUSG00000018486	0.0019605198746862618	0.0009057249940849221	88.0
ENSMUSG00000032719	0.001949342106726204	0.0002532034032818875	2.5
ENSMUSG00000020163	0.0019478575829206535	0.0010755821176588465	132.5
ENSMUSG00000069274	0.0019365905699517127	4.386529266670047e-05	12.0
ENSMUSG00000059201	0.0019194181308476166	0.0007406931691538166	103.0
ENSMUSG00000065304	0.0018926873143656486	0.00042507149822690327	20.0
ENSMUSG00000105970	0.0018801220254424655	0.0006465632962830425	48.5
ENSMUSG00000065232	0.0018636951018433101	0.0007230976037226333	68.0
ENSMUSG00000047730	0.0018631161171816513	0.00037271981022507505	14.0
ENSMUSG00000065226	0.0018598849637275205	0.0005118858194966269	31.5
ENSMUSG00000001642	0.0018444000760436952	0.0011928941647100233	212.0
ENSMUSG00000022595	0.001825516929539639	0.0009439287680590991	123.5
ENSMUSG00000043461	0.00182321303725258	0.000681365879710849	106.0
ENSMUSG00000060678	0.0018186908325428242	0.00012679921153369023	30.0
ENSMUSG00000085396	0.0018170318972741684	0.00083751299171958	96.5
ENSMUSG00000029602	0.0018152953591366594	0.0007432452625209529	77.0
ENSMUSG00000012443	0.0018122722000077918	0.0009037509834927127	154.0
ENSMUSG00000028369	0.001809611657521526	9.656687868286884e-06	15.5
ENSMUSG00000021614	0.0017862541839630541	0.0012656925984403378	277.5
ENSMUSG00000096768	0.0017589871553342351	0.0006073383982594938	60.0
ENSMUSG00000061780	0.0017327030000927057	0.0004920043438651489	84.5
ENSMUSG00000022389	0.0017140091136367275	0.0002368547065721982	49.0
ENSMUSG00000119227	0.0017106129974918671	0.00097256169709381	197.0
ENSMUSG00000106386	0.0016970244126844336	0.00013419675349096716	36.5
ENSMUSG00000001467	0.0016861320933654889	0.0013004008825617253	377.5
ENSMUSG00000004988	0.0016841416924702202	3.230249471686264e-05	15.5
ENSMUSG00000057863	0.00168102019679095	0.000463491732539012	86.0
ENSMUSG00000089255	0.0016687561573043852	0.00030038975181639893	60.0
ENSMUSG00000064344	0.001655701394195075	0.001018388969532269	208.5
ENSMUSG00000119838	0.0016466454035582445	0.00010417166563075897	33.5
ENSMUSG00000039196	0.001636247758486975	0.00017068440823736486	0.0
ENSMUSG00000063681	0.0016335561581596325	0.0003087249291707783	62.0
ENSMUSG00000065637	0.0016306531547946035	0.0005902852187871233	119.0
ENSMUSG00000069273	0.0016260854369412048	0.0002890781252683494	18.5
ENSMUSG00000092341	0.0016078391864088326	0.0005376302388976351	64.5
ENSMUSG00000042737	0.001605343083619315	0.0006549295382871079	133.5
ENSMUSG00000077611	0.0016020693675873887	0.00018177636373389872	3.0
ENSMUSG00000002831	0.0016011465380648127	0.00043118135103731303	91.5
ENSMUSG00000074264	0.0015935699629948674	3.862611808769234e-05	18.0
ENSMUSG00000088088	0.0015798920681462936	0.00023177361011067488	11.0
ENSMUSG00000007892	0.0015775865805054967	0.0004288927236876794	92.5
ENSMUSG00000096929	0.0015774872120567496	0.001074091820571943	298.0
ENSMUSG00000024620	0.0015649437276976652	0.0005573891189719626	76.5
ENSMUSG00000100210	0.0015530403860038455	0.0005725848824481017	124.0
ENSMUSG00000074768	0.0015500302770725116	0.001154324230541126	372.0
ENSMUSG00000038943	0.0015491323624362563	0.00047224385212907283	106.5
ENSMUSG00000047507	0.0015432610766994426	0.0006541703617067851	104.5
ENSMUSG00000035031	0.0015345342800059392	0.0007492395461402568	134.0
ENSMUSG00000096010	0.0015246260837931125	9.882280954975897e-05	10.5
ENSMUSG00000101609	0.0015023409911597563	0.0005686229670588405	90.0
ENSMUSG00000104713	0.0014948372603026394	0.0011678247977034983	420.0
ENSMUSG00000093413	0.0014934480577629694	0.0005684796879334986	91.0
ENSMUSG00000040564	0.0014890917862973585	6.121053256885611e-05	36.5
ENSMUSG00000026605	0.0014831812956228596	0.00022700723100677056	61.0
ENSMUSG00000035638	0.001463369430584116	0.0005254728017058952	86.5
ENSMUSG00000078974	0.001458873930204052	0.000992734274846141	297.0
ENSMUSG00000118936	0.0014556201476753072	0.00022853270106082402	16.0
ENSMUSG00000009013	0.0014507802977081763	0.0011427515006474653	435.0
ENSMUSG00000059049	0.0014386119022171684	0.00044919653332453624	72.0
ENSMUSG00000048126	0.0014278482536381198	0.0008376809302373389	211.5
ENSMUSG00000077714	0.0014248210683746598	0.0003890889708883516	59.0
ENSMUSG00002074955	0.0014097702015425928	0.0006008358695017146	159.5
ENSMUSG00000002997	0.001390946496120704	0.0009139912694789976	285.0
ENSMUSG00000065176	0.0013896151880036234	0.0008763089712277017	258.5
ENSMUSG00000041293	0.0013886073031646462	0.0005324864593831413	105.0
ENSMUSG00000075031	0.0013802765261839989	0.0007916801223991632	210.5
ENSMUSG00000067847	0.0013718191280189251	2.0112421032669747e-05	24.5
ENSMUSG00000020788	0.001363594548944469	0.00048668059287954035	136.0
ENSMUSG00000114501	0.0013505460293598004	0.0001298861702989651	54.0
ENSMUSG00000027074	0.0013487471388837213	0.00016028403447182482	10.0
ENSMUSG00000030854	0.0013455827600930559	0.0011512647934036058	516.0
ENSMUSG00000064380	0.0013395956107737916	0.00025149034128668646	84.5
ENSMUSG00002075453	0.0013197467677945607	0.0009728011214136245	406.5
ENSMUSG00000055254	0.00131635534328578	0.00012432188641098296	56.5
ENSMUSG00000032578	0.0013115828379087757	0.0006578775792061009	180.0
ENSMUSG00000003541	0.0013108843614472732	0.0006292533411756396	164.5
ENSMUSG00000028364	0.0013100787572305483	0.000606139170298392	152.0
ENSMUSG00000040260	0.0013069951517929446	0.0001244616198839421	3.0
ENSMUSG00000030256	0.001304674756321178	4.7003991302807524e-05	15.5
ENSMUSG00000047844	0.0012966588626793785	0.00047186009802491213	102.5
ENSMUSG00000020264	0.0012954161644291862	0.0001754922745950127	17.5
ENSMUSG00000042985	0.0012867146227127368	0.0005334304860574179	127.0
ENSMUSG00000028655	0.0012849639993688933	0.0001825505018482887	20.5
ENSMUSG00000028068	0.0012746114227256689	0.0005417904072472224	173.5
ENSMUSG00000095300	0.0012744102275953906	0.0004174591664314886	90.5
ENSMUSG00000032060	0.001263551081490788	0.00021104983921171883	29.0
ENSMUSG00000030157	0.0012584641293240106	0.00010478337274882898	4.0
ENSMUSG00000089281	0.0012461250883937236	5.504517486787375e-05	43.5
ENSMUSG00000031004	0.0012442422555660748	6.882816579756312e-05	46.5
ENSMUSG00000048373	0.001242346957091578	0.0004661418280920149	114.0
ENSMUSG00000020181	0.001238036377847529	0.0002570685243629689	44.0
ENSMUSG00000027487	0.001235333702892083	0.0008707588174086123	372.0
ENSMUSG00000063415	0.0012328007372920946	4.006748186774489e-05	14.0
ENSMUSG00000051331	0.001232567355771097	0.0005012583569186657	129.5
ENSMUSG00000121782	0.0012292209051021907	0.0008161640485132016	340.5
ENSMUSG00000095123	0.0012287449633026637	9.222303109013286e-06	25.0
ENSMUSG00000033952	0.001226987150206249	0.00030984999929389856	63.0
ENSMUSG00000090369	0.001220986466095586	0.000318521934861149	69.0
ENSMUSG00000020893	0.0012199289241001665	0.0007323935926660807	296.0
ENSMUSG00000065016	0.0012183090278437003	5.864971524127682e-05	46.5
ENSMUSG00000092470	0.001216578352418285	4.037996497308072e-05	11.5
ENSMUSG00000101599	0.0012141217449255226	0.0003768375165369431	133.5
ENSMUSG00000059824	0.0012114438749533663	5.6867726989595635e-05	47.0
ENSMUSG00000021250	0.0012091445027493375	0.0004237917478290276	103.5
ENSMUSG00000032226	0.001206835608276835	0.00035243382545535606	81.0
ENSMUSG00000035202	0.0012029698253352428	0.0008467148284713732	376.5
ENSMUSG00000048572	0.001196710073670726	0.0006103075668019153	196.5
ENSMUSG00000111394	0.0011962470691167515	0.0007602804209458358	300.5
ENSMUSG00000029231	0.0011955423212666738	0.00031237336919970327	117.0
ENSMUSG00000036862	0.0011891424812845997	0.0006291692358045275	212.0
ENSMUSG00000038156	0.00118870856044756	0.0005507592877859735	202.5
ENSMUSG00000026814	0.0011827368506858726	0.0004070346826863802	149.5
ENSMUSG00000029163	0.0011786651412956095	0.0004704680637717118	133.0
ENSMUSG00000065653	0.001169324855232745	0.00025801889031068503	52.0
ENSMUSG00000065701	0.0011649457705334432	0.0004803182564604991	181.0
ENSMUSG00000070167	0.0011635696372838122	6.487722626746795e-05	49.5
ENSMUSG00000040978	0.001160444645380121	0.0007640550824847825	338.0
ENSMUSG00000034593	0.0011521514380920528	0.0006396773876544137	267.0
ENSMUSG00000089617	0.0011458341476802691	6.308661467285814e-05	49.0
ENSMUSG00000024011	0.0011433677014062171	0.0006817254581124033	303.0
ENSMUSG00000023073	0.0011424170771408004	0.0005065297554878168	199.0
ENSMUSG00000032198	0.0011411139143427396	0.00045004525716313415	137.5
ENSMUSG00000025969	0.0011369835340619971	0.0001272754469898718	69.5
ENSMUSG00000090165	0.0011293175756879048	0.00015600851804242755	78.5
ENSMUSG00000055827	0.0011285014193129772	0.00039245458260572796	110.0
ENSMUSG00000078875	0.0011225878629163577	0.0006549962357597638	270.5
ENSMUSG00000001025	0.0011217512948151764	1.1569052896232002e-05	21.0
ENSMUSG00000035459	0.0011206775198878138	0.0005644685637396507	204.5
ENSMUSG00000119640	0.0011100881800044649	0.00022721738222841736	55.5
ENSMUSG00000103089	0.0011038631197992643	0.00019160278312380097	41.0
ENSMUSG00000026315	0.001102541624810216	0.0005605700406665082	213.5
ENSMUSG00000088835	0.0010951507670242666	0.0007757035299010839	401.5
ENSMUSG00000104586	0.0010935066771429747	0.0007170762063641312	352.0
ENSMUSG00000033960	0.0010929807864177854	0.0005542012589209722	214.5
ENSMUSG00000102594	0.0010924984423951178	0.00016195301493115988	30.5
ENSMUSG00000034634	0.0010908785408095256	3.476251795103691e-05	39.5
ENSMUSG00000047793	0.0010892940239309867	0.00014743869170152912	23.5
ENSMUSG00000121784	0.001087190535341176	0.0002567282019328432	117.0
ENSMUSG00000021495	0.0010844857400780783	0.0006061990898868497	257.5
ENSMUSG00000025934	0.0010814227995954995	0.0006704372407225212	313.0
ENSMUSG00000028003	0.001077551290048162	0.0003146604976320688	139.5
ENSMUSG00000051669	0.0010751903745642166	0.0007625480991401701	404.5
ENSMUSG00000060093	0.0010732239018521605	0.00011726886240348566	65.5
ENSMUSG00000105985	0.0010663681068655007	3.2221886457517446e-05	16.0
ENSMUSG00000052837	0.001065644943419708	0.0002996801422304185	135.0
ENSMUSG00000034825	0.00106367350783515	0.0001489671014067162	27.0
ENSMUSG00000119892	0.0010535584663598496	4.6841554661669615e-05	9.0
ENSMUSG00000020604	0.0010518753142301773	0.0006710618213077724	342.0
ENSMUSG00000038224	0.0010501936248475396	0.000794948710254817	460.0
ENSMUSG00000028680	0.0010451295688652107	0.0005475306137517344	237.5
ENSMUSG00000099241	0.0010432787385342146	0.0005265806802060014	253.5
ENSMUSG00000021775	0.001042217039809945	0.0005412657074763128	266.5
ENSMUSG00000051811	0.0010380987792006913	0.0004414294172458977	167.5
ENSMUSG00000120604	0.001038064128195737	0.0001240296005500241	69.0
ENSMUSG00000069008	0.0010360366985226466	0.0004782408400959004	188.5
ENSMUSG00000036437	0.0010348011286202552	0.0005542953171993603	246.5
ENSMUSG00000022887	0.0010343992318646023	0.0005465213289203574	242.0
ENSMUSG00000018427	0.0010328721756313053	0.00035209444767947407	165.5
ENSMUSG00000054052	0.0010286770563635028	0.0002375749419861184	67.0
ENSMUSG00000119668	0.001027605645597618	0.00010468129987245556	62.5
ENSMUSG00000120777	0.0010248906805270797	0.0008150073939457436	486.0
ENSMUSG00000067736	0.0010232402665804607	0.00018937663902091062	98.5
ENSMUSG00000005220	0.0010224667001926813	0.0006813252162614081	376.5
ENSMUSG00000022383	0.0010208051292068254	0.000628106224408842	323.5
ENSMUSG00000020427	0.0010184954417217784	0.00030927229313565396	103.0
ENSMUSG00000077167	0.0010173686734273324	0.0003870589986962325	150.5
ENSMUSG00000041828	0.0010157807034947286	0.0004601171976834628	188.0
ENSMUSG00000022382	0.0010146524424159975	0.0001996612876707382	54.5
ENSMUSG00000032946	0.0010145853022022755	9.19054551231091e-05	57.5
ENSMUSG00000044254	0.001014320922199996	0.00023533179253931724	118.5
ENSMUSG00000104960	0.0010143134631522277	0.00020271332070237458	106.0
ENSMUSG00000028957	0.0010104907149955378	0.00046237308058999504	192.0
ENSMUSG00000040249	0.0010032226903051167	0.00015154679777912294	35.0
ENSMUSG00000064945	0.000999253863219307	0.00012263540577706067	24.5
ENSMUSG00000118839	0.0009942426098135115	0.0003340412603657361	129.0
ENSMUSG00000120983	0.0009921890453677418	5.496796421794459e-05	7.0
ENSMUSG00000037016	0.0009885100181055706	0.0006757904312625906	408.0
ENSMUSG00000117294	0.0009879982622645889	0.0007095895617101888	424.5
ENSMUSG00000006724	0.000987781925448683	0.00019905322032631734	54.5
ENSMUSG00000067455	0.0009865712053067632	0.00012889416807981835	76.0
ENSMUSG00000028681	0.0009856196429189334	0.00012695230207177	27.0
ENSMUSG00000019326	0.0009853449120433844	0.00034230424241887825	171.5
ENSMUSG00000057722	0.0009839492043549614	0.0004750259050235739	252.0
ENSMUSG00000105434	0.0009789396238812365	0.0002637870901185946	90.0
ENSMUSG00000003779	0.0009780654171840375	0.0005573313522372336	310.5
ENSMUSG00000061104	0.0009731026545221066	0.0005093806941939283	282.5
ENSMUSG00000056973	0.0009710934505575697	0.00013390502507260038	32.5
ENSMUSG00000078880	0.0009668123080254221	0.00031294233550416273	125.5
ENSMUSG00000059810	0.0009646860109649991	0.0005553008987474461	296.0
ENSMUSG00000005615	0.0009645483204593908	0.0003642405911974955	153.5
ENSMUSG00000031748	0.0009642841861566831	0.00033583422680916186	143.0
ENSMUSG00000009633	0.0009610001259023893	9.466799979740426e-05	66.0
ENSMUSG00000013611	0.0009584148235118883	0.0003771407926875803	206.5
ENSMUSG00000085541	0.0009531694249272915	0.0006812389560135745	425.0
ENSMUSG00000085826	0.0009530396675204167	0.0008396679892389014	540.5
ENSMUSG00000030935	0.0009513222763875562	0.0004193000271521252	228.5
ENSMUSG00000071177	0.0009512701923892197	0.0001646798018757889	46.0
ENSMUSG00000002910	0.0009463447547224946	0.0002496413031531364	92.5
ENSMUSG00000024827	0.0009431136523518346	0.0003536158064007533	153.5
ENSMUSG00000090086	0.0009410819617681199	1.8657634739405182e-06	24.0
ENSMUSG00000074445	0.0009365379405691376	0.00034373942604348784	149.0
ENSMUSG00000022769	0.0009232183843330688	0.0004202831213072633	246.5
ENSMUSG00000019768	0.0009175595600280917	0.00039274767474622996	193.0
ENSMUSG00000036062	0.0009166863624691657	0.0005283596331819296	307.0
ENSMUSG00000046699	0.0009130833992258003	0.0002892005896286687	165.5
ENSMUSG00000058443	0.0009114645214244321	2.7981480881345e-05	9.0
ENSMUSG00000030111	0.000911190058839384	0.000544615705095397	330.0
ENSMUSG00000035545	0.0009104500355931466	0.00012351257318060638	28.0
ENSMUSG00000031844	0.0009098046016501327	0.0002485660733541062	102.0
ENSMUSG00000119670	0.0009086611517707954	0.0003377728587198314	155.0
ENSMUSG00000026725	0.0009047641801625539	0.0002662718783060236	115.5
ENSMUSG00000030087	0.0009026226698473083	0.0006189090282749943	404.5
ENSMUSG00000119873	0.0009025245379993274	0.00042020694851419016	259.5
ENSMUSG00000041577	0.0009017779823079497	7.968816913195287e-05	14.0
ENSMUSG00000109498	0.0009009012360149948	0.00014669676592365954	39.5
ENSMUSG00000056755	0.0009007464808440391	0.0003083744038607783	137.5
ENSMUSG00000029661	0.0008989229600135928	0.0006258061453305874	416.0
ENSMUSG00000118734	0.0008978248778253595	0.0006451145129484082	446.0
ENSMUSG00000112324	0.0008978154116502379	0.0004688476112733042	291.5
ENSMUSG00000015568	0.0008973771011730469	0.0006940967195899206	486.5
ENSMUSG00000039463	0.0008935103123371424	0.00017429132270602166	55.0
ENSMUSG00000095545	0.0008927892590683273	4.401534431153209e-05	46.0
ENSMUSG00000061527	0.0008912754639860965	0.00037059991729532227	190.5
ENSMUSG00000038264	0.0008872952019505775	3.401005254660694e-05	6.5
ENSMUSG00000057137	0.0008867206425028917	0.0002906172484135605	175.5
ENSMUSG00000026840	0.000883864524420408	0.0001909849172473943	71.0
ENSMUSG00000065105	0.0008825238272945901	0.00016115392103943638	102.0
ENSMUSG00000034785	0.0008809036695910377	0.00017976956220300266	112.5
ENSMUSG00000071633	0.000880552818007807	0.0003735773606776682	234.0
ENSMUSG00000102070	0.0008793476587660165	0.0003294712546416112	160.5
ENSMUSG00000104339	0.0008769956522208799	0.0004405681604606748	251.0
ENSMUSG00000099041	0.0008762507174568945	0.00016137173222663392	54.0
ENSMUSG00000106320	0.0008761188604700654	0.00024359360491271742	145.0
ENSMUSG00000002797	0.0008753747311499582	0.0003370229916679346	205.0
ENSMUSG00000036856	0.0008739981723451806	0.00021390009864347137	91.5
ENSMUSG00000116988	0.0008707568161208101	0.0006139553479104221	425.0
ENSMUSG00000033209	0.0008703125756095442	3.900245050403317e-05	42.5
ENSMUSG00000027820	0.0008678826411960827	0.0005745166478803299	386.5
ENSMUSG00000026837	0.0008660624202851963	0.00011232676030981104	29.5
ENSMUSG00000024650	0.0008648418762985388	0.0003496488662403374	220.5
ENSMUSG00000119662	0.0008638777777834616	0.00035088361750262864	222.5
ENSMUSG00000064604	0.0008628419606003246	0.0006236913368952712	454.5
ENSMUSG00002076161	0.0008610290468071824	0.0005327584616470205	356.5
ENSMUSG00000030880	0.0008602951918054713	0.0005739382345864574	412.5
ENSMUSG00000055116	0.0008570655895437929	0.0003504430814361692	190.0
ENSMUSG00000074634	0.0008570089014426352	0.000598214033353639	419.0
ENSMUSG00000062997	0.0008545490157526592	9.082009508687428e-05	22.0
ENSMUSG00000005373	0.000853966632043901	0.0002773638981038995	133.0
ENSMUSG00000039323	0.000852315012365934	3.0544169415946953e-07	23.5
ENSMUSG00000031762	0.0008517559085919335	0.0002365539428162422	150.5
ENSMUSG00000020027	0.0008510235014659306	0.0005385607004272375	391.0
ENSMUSG00000019899	0.0008469178794453525	0.00010852788510584688	33.0
ENSMUSG00000065208	0.0008465481907969363	0.0003773958871877148	216.5
ENSMUSG00000102504	0.0008455919415614743	2.748890719600494e-05	8.5
ENSMUSG00000058571	0.000842910400168706	0.0005950107012109296	424.5
ENSMUSG00000090733	0.0008414044805186149	0.0004972237385564293	360.0
ENSMUSG00000095616	0.0008406410964209576	0.0002641938471119043	130.0
ENSMUSG00000023243	0.0008378941010040442	0.00027300447679040607	135.5
ENSMUSG00000116358	0.0008366614223874747	0.00038558467840310584	263.5
ENSMUSG00000093535	0.0008362197434594876	0.0002394033297257181	112.0
ENSMUSG00000027326	0.0008357988401889727	0.00012927736696038972	93.5
ENSMUSG00000110631	0.0008355277197872324	0.0001645606427198576	109.5
ENSMUSG00000089712	0.0008294077109640696	0.0002548275933326183	125.5
ENSMUSG00000028763	0.0008280245416802945	1.281431061073146e-05	15.0
ENSMUSG00000022304	0.0008259827343888304	0.0005452917697045256	413.5
ENSMUSG00000027848	0.0008251221640386275	0.00040338920475080364	256.0
ENSMUSG00000005125	0.0008202664935765269	0.000704200392646348	504.0
ENSMUSG00000070661	0.0008192738910986486	0.00021434729801922403	147.5
ENSMUSG00000033705	0.0008179068289562719	0.0002526557769149673	125.0
ENSMUSG00000109005	0.0008171091194245639	2.898307879994899e-05	36.5
ENSMUSG00000039395	0.0008153476342226407	0.00020388271150506565	143.5
ENSMUSG00000032193	0.0008112104451988844	0.00021528152425404068	151.5
ENSMUSG00000019464	0.0008100418523044883	0.00016983481140175893	83.0
ENSMUSG00000034853	0.000807290209771161	0.00012880443652124596	57.0
ENSMUSG00000121783	0.0008027046311576136	0.00018516518110900382	131.0
ENSMUSG00000001930	0.0007997786834084142	0.0002312099168384485	118.0
ENSMUSG00000067144	0.000797689197516882	0.0002468082306288366	174.5
ENSMUSG00000092220	0.0007976620163697157	0.00048226199465845054	355.5
ENSMUSG00000056749	0.0007966990386988337	6.289664197467459e-06	21.0
ENSMUSG00000029516	0.000795441082414805	0.0001787125774702636	129.0
ENSMUSG00000119851	0.0007937299028928368	0.0005787296579881085	460.5
ENSMUSG00000064563	0.000792266893374971	0.0003003076165007945	181.0
ENSMUSG00000019942	0.0007919724378657733	0.0002746309367365196	194.5
ENSMUSG00000090486	0.0007896223779459977	0.0005272184495445087	405.0
ENSMUSG00000023505	0.000789100136188936	0.00012415375140462093	93.5
ENSMUSG00000107689	0.0007884590384059642	0.00019641965411909545	103.0
ENSMUSG00000020255	0.0007862857751765873	0.0005149383968590104	412.0
ENSMUSG00000080440	0.0007856295888359344	4.4146181372994864e-05	1.5
ENSMUSG00000106147	0.0007853538161100015	0.0005144292824730279	411.5
ENSMUSG00000072664	0.0007839878568087211	0.00016133660114386883	86.0
ENSMUSG00000078896	0.0007834945557477768	0.0006391499764391018	483.5
ENSMUSG00000000359	0.0007827297696885727	0.00038175545309976355	284.5
ENSMUSG00000045328	0.0007812039562161699	0.00042646721094175	333.5
ENSMUSG00000041895	0.0007810892506198708	7.790574193727862e-05	24.5
ENSMUSG00000028571	0.0007802274347107341	0.0005386432024987453	425.0
ENSMUSG00000029822	0.0007796857696775739	0.000464058476447593	371.5
ENSMUSG00000027513	0.0007791718131154868	0.00032528484974603256	209.0
ENSMUSG00000020330	0.0007784508879692398	0.00011721227818572988	55.5
ENSMUSG00000121280	0.0007777970687047886	0.00041547422412963053	324.5
ENSMUSG00000061175	0.0007770829416040015	0.00022968725179578486	129.5
ENSMUSG00000057103	0.0007770737099970226	0.0004951746199365337	401.5
ENSMUSG00000033831	0.0007762454900505089	0.00039458812876991267	280.5
ENSMUSG00000083405	0.0007751067645381804	0.00024041749959136105	173.5
ENSMUSG00000048489	0.000771298233353257	0.0003332485404456409	216.5
ENSMUSG00000036777	0.0007694099459407133	0.00042878839109533606	344.5
ENSMUSG00000022425	0.0007685861232877289	0.00019513762741424356	149.5
ENSMUSG00000031994	0.0007618401388218565	0.0005754145359594398	459.5
ENSMUSG00000021135	0.0007618033272835945	0.00030277856405303005	232.0
ENSMUSG00000006398	0.0007613109931858264	0.00014866573817501338	117.5
ENSMUSG00000017688	0.000760759592025595	1.257073712901402e-05	30.5
ENSMUSG00000069300	0.0007606884791430679	0.00026509770939026067	205.5
ENSMUSG00002076809	0.0007597095170378543	0.00024003077799061856	148.0
ENSMUSG00000032575	0.0007586308648978024	0.00048310962190001305	385.0
ENSMUSG00000006576	0.0007573456571565162	0.00041516267630453685	337.0
ENSMUSG00000036040	0.0007499009255543254	0.0002792387684580899	219.5
ENSMUSG00000118866	0.0007485272295676415	5.635198750897352e-05	18.0
ENSMUSG00000035699	0.0007473463418847248	0.00022764411280534746	174.0
ENSMUSG00000026574	0.0007466200548741919	0.0001679436011729485	93.0
ENSMUSG00000040998	0.0007449415975114837	0.00022237016780346508	140.0
ENSMUSG00000030337	0.0007431087589911956	0.0003338225941071915	266.0
ENSMUSG00000079363	0.0007409034608402698	2.266342840312463e-05	38.5
ENSMUSG00000043496	0.0007402588652066777	0.0002701760213883464	217.0
ENSMUSG00000096596	0.000739351967362023	0.00023425215716116332	153.0
ENSMUSG00000037679	0.0007377486174128256	0.0003235046243266204	258.0
ENSMUSG00000018166	0.0007366607557026672	0.00013406393189374644	73.0
ENSMUSG00000065118	0.0007359345304336906	7.060080500659316e-05	32.0
ENSMUSG00000067870	0.0007357345041587027	0.00045578212178348787	370.5
ENSMUSG00000094932	0.0007357044746325037	0.00015087998112900403	128.5
ENSMUSG00000018417	0.0007339127883524976	8.947457018776417e-05	46.0
ENSMUSG00000109814	0.000732103078784685	0.0003097245609731125	222.0
ENSMUSG00000028073	0.0007320460899797321	0.00013978165082778604	117.5
ENSMUSG00000067149	0.0007317560719185545	0.000462210251846229	398.0
ENSMUSG00000047822	0.0007307159771698379	5.4241364487672694e-05	22.5
ENSMUSG00000094306	0.0007302443064084452	9.019512944730135e-05	80.0
ENSMUSG00000077222	0.0007290490844171771	0.00048756553471307473	410.5
ENSMUSG00000020142	0.0007288066869086118	0.0002904222302282933	235.5
ENSMUSG00000120992	0.0007282594902723871	0.00045753039219326164	394.5
ENSMUSG00000058672	0.0007262409326893593	0.00044603292112777027	367.0
ENSMUSG00000121785	0.000726084460215104	0.00041049477444171645	352.0
ENSMUSG00000040488	0.0007231715773554637	0.00020181609770764108	163.5
ENSMUSG00000037548	0.0007228605386634945	0.00044230461884159356	384.5
ENSMUSG00000051149	0.0007222621432786402	0.0005622695928437782	486.0
ENSMUSG00000068263	0.0007222386805761372	0.00020701409574780394	137.0
ENSMUSG00000102602	0.0007209238567735254	0.00015237482778790445	128.5
ENSMUSG00000021453	0.0007199184289105598	0.00039833155411145293	342.5
ENSMUSG00000091021	0.0007185385154004353	0.0004198373005421252	346.5
ENSMUSG00000047246	0.0007184108968886771	4.089616876984392e-05	13.5
ENSMUSG00000119761	0.0007175845496079636	0.00012246920158281993	109.0
ENSMUSG00000001270	0.0007173022339606594	3.6230208008858344e-05	8.0
ENSMUSG00000039058	0.0007134630700450506	0.00019423657836026287	157.5
ENSMUSG00000092274	0.0007105958265569146	0.00015746825800427855	132.5
ENSMUSG00000031016	0.0007093011291166018	0.00033255069542981186	284.5
ENSMUSG00000022372	0.000708770242573209	9.068986878135732e-07	19.5
ENSMUSG00000063177	0.0007087428047131139	0.0002712513017264495	197.5
ENSMUSG00000025491	0.0007078717120244105	0.00039998677515579173	355.0
ENSMUSG00000020889	0.0007074530285595682	0.0003769824050328108	311.5
ENSMUSG00000092746	0.0007068781674374192	0.0002236600561412727	157.5
ENSMUSG00000026602	0.0007063698491952541	6.923385028456686e-05	37.5
ENSMUSG00000016942	0.0007060062125613387	0.00035943578572461554	319.5
ENSMUSG00000118790	0.0007056885400154589	4.18192390972405e-05	51.0
ENSMUSG00000023272	0.0007053526746250149	8.402337241009139e-05	49.5
ENSMUSG00000000732	0.0007030905596556725	0.0005270482263136644	468.0
ENSMUSG00000085087	0.0007016969651250649	0.0002943488987713905	229.0
ENSMUSG00000029700	0.0007011013623063334	0.0005323529186122555	454.5
ENSMUSG00000042766	0.000697983455810125	0.00030639241116509064	269.0
ENSMUSG00000108494	0.0006977762222707962	0.00026306259658476217	197.5
ENSMUSG00000091345	0.0006972392034400587	5.995902117789109e-05	31.5
ENSMUSG00000003526	0.0006950910931793342	6.44984361971579e-05	37.0
ENSMUSG00000086503	0.0006936405290285386	0.00012319343130240412	113.5
ENSMUSG00000108655	0.0006931243047162416	0.00013609341979048395	82.5
ENSMUSG00000030228	0.000692722662020695	0.00024051388163071064	179.5
ENSMUSG00000078193	0.0006920565853273941	0.00033647337981795866	279.0
ENSMUSG00000030680	0.0006916567398230211	0.00038857325960611755	332.5
ENSMUSG00000032350	0.0006915992498867651	0.0001782657343460392	123.5
ENSMUSG00000099519	0.0006892520354219722	0.00022158017190093693	163.5
ENSMUSG00000005611	0.0006887546517840293	2.6590803415271758e-06	14.5
ENSMUSG00000023087	0.0006885352932640698	0.0004917964590507307	430.0
ENSMUSG00000061100	0.0006880292423341317	0.000159543399017803	137.0
ENSMUSG00000107068	0.0006877059092464943	0.0004595470247099609	418.5
ENSMUSG00000103593	0.0006873754033852597	0.00034148835778857745	291.5
ENSMUSG00000023905	0.0006858365380511544	0.00047759035903599534	421.0
ENSMUSG00000020865	0.0006840143556224865	0.00048502158238228343	444.5
ENSMUSG00000068893	0.0006833167547929953	0.00025637606091283294	228.0
ENSMUSG00000118841	0.00068137508354571	3.9734057191265215e-05	17.0
ENSMUSG00000061906	0.0006810338907167202	0.0005473716805289852	466.5
ENSMUSG00000086320	0.000680947378933483	0.0003762609760568636	327.0
ENSMUSG00000002250	0.0006797688389069134	0.00024174660648318413	216.5
ENSMUSG00000016194	0.0006797556129807814	0.00038926578475767526	339.5
ENSMUSG00000073125	0.0006783630608415692	0.00017473952489654998	126.0
ENSMUSG00000040896	0.0006773047608467087	0.00039820616734431713	373.0
ENSMUSG00000027469	0.0006769784823008052	4.78792886359769e-05	57.5
ENSMUSG00000118718	0.000674276469076196	0.0004040058088906062	360.0
ENSMUSG00000031849	0.0006742117379074375	0.000166451164123671	121.5
ENSMUSG00000002346	0.0006740401854035682	4.213501572464251e-05	22.0
ENSMUSG00000020649	0.0006736248954178903	0.00029617030906459174	270.0
ENSMUSG00000024501	0.0006731399362551738	2.8226149757615282e-05	36.5
ENSMUSG00000031980	0.0006702699211035279	0.00028963296556605567	249.5
ENSMUSG00000027070	0.0006675595426323122	7.748860983380901e-05	88.0
ENSMUSG00000064220	0.0006655671843408539	0.0003865197494055117	368.0
ENSMUSG00000023036	0.0006638891328100138	0.0002197737097395791	202.0
ENSMUSG00000066366	0.0006635778815974325	0.0003534055962652882	315.5
ENSMUSG00000020538	0.0006635088538711198	3.06539767415126e-05	13.0
ENSMUSG00000064351	0.0006596947754280436	4.766217301011011e-05	25.0
ENSMUSG00000089774	0.0006585078164915714	0.00047079160302798684	443.0
ENSMUSG00000028862	0.0006581285933275338	0.0004669443255508887	439.5
ENSMUSG00000021702	0.0006571409242256965	2.4751103182951706e-05	34.5
ENSMUSG00000030283	0.000654957738360884	3.7862315208636588e-06	12.0
ENSMUSG00000104030	0.0006531953836869664	0.00021194325008794257	165.0
ENSMUSG00000031375	0.0006512435500727332	6.786849829876207e-05	81.5
ENSMUSG00000053303	0.0006508805724964595	0.00025741188594213815	247.0
ENSMUSG00000093701	0.0006507770610176267	0.0002867544120007115	259.0
ENSMUSG00000057036	0.000649023031424778	4.705682397621036e-05	22.5
ENSMUSG00000040405	0.0006455107788778669	0.0002445548270834097	233.5
ENSMUSG00000025150	0.0006434390886961849	0.00025927458277491544	231.0
ENSMUSG00000074527	0.000642750187662966	9.31961096620193e-05	64.0
ENSMUSG00000025197	0.0006400826157575978	0.00047417687736134306	438.5
ENSMUSG00000031167	0.0006392980558744821	2.6116912837936823e-05	12.5
ENSMUSG00000117789	0.0006386552386131727	0.0004468966732659174	434.0
ENSMUSG00000028262	0.000638108396041559	0.0003545070646903681	351.5
ENSMUSG00000021670	0.0006379721366100988	0.0003038320713157905	303.5
ENSMUSG00000022033	0.0006378018195386526	8.752855579541308e-05	96.5
ENSMUSG00000037563	0.0006370083832492601	0.0001395245578251214	112.0
ENSMUSG00000025498	0.0006364721437657206	0.00029152069458471264	276.0
ENSMUSG00000029482	0.0006343025683288595	0.00026845580858714246	266.0
ENSMUSG00000042834	0.0006335724385957975	0.0001977750146874846	165.5
ENSMUSG00000119577	0.000632735622557612	6.814588501813379e-05	77.0
ENSMUSG00000087968	0.0006322418632933591	0.00033389991417509535	339.0
ENSMUSG00000038508	0.0006312094020553549	9.72218027425753e-05	102.0
ENSMUSG00000076617	0.0006307295052707107	0.00015432284327637769	159.0
ENSMUSG00000070304	0.0006256723453382795	5.141118119578181e-05	29.5
ENSMUSG00000014778	0.0006246699393894772	0.00012518450224252575	136.5
ENSMUSG00000120174	0.0006243935399639078	0.0002641449655145234	250.5
ENSMUSG00000119011	0.000623664012388947	1.1368172326997605e-05	22.5
ENSMUSG00000107928	0.0006224507319353423	0.0002711996529130012	277.5
ENSMUSG00000024485	0.0006221792773851154	0.00017709175667374177	181.0
ENSMUSG00000025185	0.000621415124348712	0.00016171766953171351	137.5
ENSMUSG00000031775	0.0006207297869053052	0.000212087290508145	192.5
ENSMUSG00000039542	0.0006201030509536132	0.00012581506717090907	103.0
ENSMUSG00000038775	0.0006180627277870832	1.561462380028633e-05	25.5
ENSMUSG00000080365	0.0006180252044741819	8.6830270629501e-05	92.5
ENSMUSG00000102145	0.0006165394086652953	0.00021991795027093142	204.5
ENSMUSG00000103711	0.0006161572075398247	0.00018948133462914907	168.0
ENSMUSG00000039710	0.00061500473978926	7.950575142401384e-05	59.0
ENSMUSG00000002289	0.0006144321499434446	0.00020145181195735384	183.0
ENSMUSG00000010044	0.0006131339146095982	0.0005138293413725625	485.5
ENSMUSG00000041624	0.000610929234767521	0.00021563666659457636	225.0
ENSMUSG00000054999	0.0006100849652886375	0.00031303653604758397	331.0
ENSMUSG00000024503	0.0006100254212864087	0.00025708692081671813	251.0
ENSMUSG00000015850	0.0006096547035704392	1.2769113641009078e-05	23.0
ENSMUSG00000079105	0.0006087068913857574	0.0002655075703413279	264.5
ENSMUSG00000026042	0.0006079579299749782	2.7296510606122926e-05	40.5
ENSMUSG00000071178	0.0006067605130792297	9.735824544560012e-05	107.5
ENSMUSG00000077391	0.0006063436917950749	0.0003389891287176039	357.0
ENSMUSG00000037411	0.0006049280141819935	0.0001520158043332165	164.5
ENSMUSG00000038567	0.0006043417258383976	0.00013103667004149555	144.5
ENSMUSG00000099927	0.0006039445874449489	0.0001403070831436093	155.0
ENSMUSG00000027750	0.0006031503009945038	8.966799664383851e-05	97.0
ENSMUSG00000039519	0.0006022999413378693	0.00017535066977536484	184.5
ENSMUSG00000059401	0.0006019599233167416	0.000320422790207886	340.0
ENSMUSG00000052684	0.0006014078221148189	0.00027840305802284693	279.5
ENSMUSG00000028444	0.0006009835830484977	0.0003346880638969152	339.5
ENSMUSG00000020241	0.0005986441968829359	0.00023101749781262448	247.0
ENSMUSG00000043770	0.0005982195047879446	0.0004377831441373936	423.5
ENSMUSG00000020182	0.0005979217579724638	0.00019655977573707073	189.0
ENSMUSG00000004951	0.0005978192332553589	0.00034762469932098083	370.0
ENSMUSG00000068196	0.0005976467401410668	0.00037592822223520006	392.0
ENSMUSG00000048546	0.000597136354977823	0.0002801428110839055	284.5
ENSMUSG00000026579	0.0005970067206647611	9.412691129273565e-05	106.0
ENSMUSG00000035910	0.0005962689441462166	0.0001721890108093982	160.0
ENSMUSG00000030249	0.0005950399638990356	6.144553945880427e-05	52.0
ENSMUSG00000079056	0.0005950392839988994	0.00010201055518116453	117.0
ENSMUSG00000003617	0.0005941399165635963	2.5517486317461202e-05	8.0
ENSMUSG00000037625	0.0005935128759990138	4.118607770237093e-05	26.0
ENSMUSG00000075279	0.0005933346185645338	0.0002721590705190846	275.0
ENSMUSG00000006313	0.000591916850149421	0.00026827516959321285	289.5
ENSMUSG00000096852	0.0005917965729240748	0.00029458049793285035	301.0
ENSMUSG00000023046	0.0005886122484636269	0.0002594974120855298	282.5
ENSMUSG00000023915	0.0005881074522599561	0.0003253804041311592	336.5
ENSMUSG00000021384	0.0005879193474014888	0.0002318362687285247	254.5
ENSMUSG00000025479	0.0005873560865004568	4.336319589731685e-05	30.0
ENSMUSG00000100755	0.0005859093683126537	0.00041692213482041884	431.0
ENSMUSG00000006342	0.0005853351899016146	8.689038085180067e-05	100.5
ENSMUSG00000047583	0.0005843656992239876	8.77868519159608e-05	102.0
ENSMUSG00000028195	0.0005824094938882696	0.00024069654815778163	268.0
ENSMUSG00000013089	0.000580949767020944	0.00012683733227836225	117.5
ENSMUSG00000107304	0.0005800352185268975	0.00016876267784293741	165.5
ENSMUSG00000025650	0.0005798888865785612	0.0002397789341649359	267.5
ENSMUSG00000028970	0.0005779129222746038	0.00015423482238119401	173.5
ENSMUSG00000079015	0.0005777841516348969	0.00022273914073134282	232.0
ENSMUSG00000095648	0.000576248448782013	2.626527845972504e-05	10.0
ENSMUSG00000113902	0.0005738743060193507	0.000150976408306025	148.5
ENSMUSG00000064367	0.0005730792444175736	0.0003464401964031194	367.0
ENSMUSG00000034875	0.0005727139881268606	0.0003474485609479272	379.0
ENSMUSG00000060924	0.0005725313999923043	0.0002945013515077144	312.0
ENSMUSG00000064853	0.0005723038754958942	0.000191425510418064	201.0
ENSMUSG00000078898	0.0005710758302385766	0.0001865225051038144	214.5
ENSMUSG00000019970	0.0005709702027745789	0.00023943235471074464	271.5
ENSMUSG00000006574	0.0005693379199028237	9.542422473945988e-05	110.5
ENSMUSG00000075025	0.000569261665233578	2.8895581923926716e-05	15.0
ENSMUSG00000042807	0.0005690428985442031	3.11011576609177e-05	18.0
ENSMUSG00000032348	0.0005684644558414664	4.2546643723162525e-05	51.0
ENSMUSG00000037552	0.0005683821553048585	0.00024629140682019823	263.5
ENSMUSG00000021025	0.0005676167967051393	0.0002100995870597533	241.0
ENSMUSG00000028270	0.0005671518002227649	0.0002075079837791649	221.0
ENSMUSG00000119206	0.000566992590755655	0.00018053781887406029	187.5
ENSMUSG00000031283	0.0005668188729306411	0.00032680596047118815	363.5
ENSMUSG00000033618	0.0005664648553806995	4.2519550836783715e-05	30.5
ENSMUSG00000109941	0.0005662064096953467	0.0004127432500443118	438.0
ENSMUSG00000049436	0.0005655522947314306	0.00031951107207883744	356.0
ENSMUSG00000001773	0.0005654413078782783	0.0003091913211145103	345.5
ENSMUSG00000024757	0.0005643003687298975	0.00012530754346284922	142.0
ENSMUSG00000026417	0.0005636696471134073	0.00011758788712679102	113.0
ENSMUSG00000011305	0.0005636696058174961	0.00043710317929818165	433.0
ENSMUSG00000042745	0.0005635438917440116	0.00021383920519940647	236.0
ENSMUSG00000079017	0.0005634793290531515	0.00016000168542146254	166.5
ENSMUSG00000062727	0.000563290889389223	0.0001822196182806879	193.0
ENSMUSG00000107390	0.0005627247127417134	3.139703785276504e-05	19.0
ENSMUSG00000072949	0.0005625942072954859	4.454773022261049e-05	34.5
ENSMUSG00000063590	0.0005606904335634932	0.00018406370305873443	198.5
ENSMUSG00000079465	0.0005602384092903145	6.050758586295668e-05	73.5
ENSMUSG00000053846	0.0005601476387299131	0.00016177401844164052	190.0
ENSMUSG00000029925	0.0005597283142529941	6.954838148409692e-05	85.5
ENSMUSG00000116207	0.0005594936332241063	0.00031268163291070517	351.0
ENSMUSG00000038738	0.0005587919621868331	0.00020976478322237702	233.5
ENSMUSG00000027111	0.000557443390330481	0.00015208818499135024	159.0
ENSMUSG00000074578	0.0005573462117266503	0.0004142179256101386	421.0
ENSMUSG00000032218	0.0005562127510724268	0.00023715666033463645	261.0
ENSMUSG00000057836	0.0005554218975316605	9.267794429346221e-05	92.0
ENSMUSG00000029188	0.0005550302734875778	9.483625466155665e-06	25.5
ENSMUSG00000031765	0.0005544917539360705	9.95704388073726e-05	100.5
ENSMUSG00000038415	0.0005535298492177487	0.0003888077810536572	423.0
ENSMUSG00000050621	0.0005532530029413452	0.0001894251179697659	226.0
ENSMUSG00000079362	0.0005525006108777486	1.1042599266319897e-05	2.0
ENSMUSG00000042425	0.0005519697014396696	6.299240097917824e-05	58.5
ENSMUSG00000102982	0.0005512891317081547	0.0003625868088306672	387.0
ENSMUSG00000067719	0.0005505023681705024	3.249881988737213e-05	47.0
ENSMUSG00000033763	0.0005500823843922475	0.00015592852106272037	187.0
ENSMUSG00000110894	0.0005478887456627501	0.000246365621317135	296.5
ENSMUSG00000031861	0.0005472046009089571	0.00041072246623652386	440.0
ENSMUSG00000089694	0.0005466015911647637	0.0002650015836229147	295.5
ENSMUSG00000048583	0.0005455231215594769	9.589427370820802e-05	96.5
ENSMUSG00000026930	0.0005451966696490285	0.00012243588754001777	130.0
ENSMUSG00000028553	0.0005440988443701777	1.8051663551899022e-05	31.5
ENSMUSG00000018830	0.000543900027191957	0.0001316789534302476	151.0
ENSMUSG00000031770	0.0005436495871847802	0.00010784436983535262	125.0
ENSMUSG00000054986	0.0005428650919300781	0.0001253462274036221	144.5
ENSMUSG00000028989	0.0005428201104501484	0.0001956117659566159	239.5
ENSMUSG00000119648	0.0005422485971901536	4.364624539726636e-05	35.0
ENSMUSG00000061742	0.0005420478257621708	0.00015631216989187013	187.0
ENSMUSG00000031549	0.0005409634693115395	8.044511716664982e-05	80.5
ENSMUSG00000022583	0.0005402660537933701	0.00020336394041536865	248.5
ENSMUSG00000087365	0.0005402654850821809	1.5488683698106076e-05	28.0
ENSMUSG00000079262	0.0005397425116836496	0.0003043776539641829	353.5
ENSMUSG00000022366	0.0005377430881291501	0.00011995975548961813	139.5
ENSMUSG00000047586	0.0005375204620522434	0.00021777106980058747	248.0
ENSMUSG00000038146	0.0005367535198199658	4.6628092959632994e-05	73.0
ENSMUSG00000021822	0.000536044517210732	3.7834006022530176e-07	7.5
ENSMUSG00000101111	0.0005360355167922104	1.7607060887603332e-06	4.0
ENSMUSG00000064345	0.0005358163923698811	0.00022671837846166554	260.5
ENSMUSG00000097324	0.0005333057551896725	0.00018748457342815383	220.0
ENSMUSG00000059901	0.0005323469524367574	0.0001792656471047982	223.5
ENSMUSG00000019232	0.0005289979851873516	0.00033973410959486916	375.0
ENSMUSG00000044645	0.0005289110030448629	0.00021846526933988475	272.5
ENSMUSG00000042961	0.0005288950482720267	0.00011949061355176482	135.5
ENSMUSG00000039001	0.0005284493360621645	9.404435584564608e-05	113.5
ENSMUSG00000038489	0.0005279718909494968	5.859503765209828e-05	52.5
ENSMUSG00000031825	0.0005271612424325722	0.00012793143514278071	154.5
ENSMUSG00000043168	0.0005271486655711866	3.252351499100081e-05	26.0
ENSMUSG00000078597	0.0005271002425863425	0.0002539761002668395	309.5
ENSMUSG00000030737	0.0005264907138968766	7.208823558335631e-05	72.0
ENSMUSG00000028715	0.0005253017526972714	0.00022323429714377063	282.5
ENSMUSG00000069310	0.0005252725960724902	0.0001540718527798246	190.5
ENSMUSG00000028150	0.0005233364560507381	1.0703702003067583e-05	20.0
ENSMUSG00000028712	0.0005207430200069862	0.0002819846016989813	332.0
ENSMUSG00000032532	0.0005191438972297346	0.0002093125629347714	249.0
ENSMUSG00000026819	0.0005181239583268993	0.00016181294708955685	203.5
ENSMUSG00000112637	0.0005168158966531999	0.00023502038071687714	295.5
ENSMUSG00000033327	0.0005166677946309983	2.951865235889528e-05	28.0
ENSMUSG00000040740	0.000516627751228127	0.0003893465758925685	413.0
ENSMUSG00000112478	0.0005149848570372706	0.00014340279361169106	178.5
ENSMUSG00000035783	0.0005145168042616777	0.00036274371076910894	398.0
ENSMUSG00000027840	0.0005128723724914241	0.0001412914757907835	178.0
ENSMUSG00000040715	0.0005126198739576204	0.00011361865865372467	133.0
ENSMUSG00000052565	0.000510732818859716	5.2467341991824235e-05	52.0
ENSMUSG00000015090	0.0005091423461783817	0.0003850970029842804	412.5
ENSMUSG00000065649	0.0005090341489482064	0.0002675757042265303	325.0
ENSMUSG00000020062	0.0005088890258119205	8.098332525652285e-05	84.5
ENSMUSG00000015468	0.0005088755820967239	0.00023108398759202897	279.5
ENSMUSG00000063011	0.0005081541077071594	0.00018075985109416992	220.5
ENSMUSG00000027322	0.0005081339917236694	0.0001433860278500232	181.0
ENSMUSG00000056293	0.0005070959365013339	0.00012080482975673767	145.0
ENSMUSG00000044471	0.0005062507970751695	0.00010627755826980723	124.0
ENSMUSG00000079641	0.0005057915803676205	0.00021600489105894072	276.5
ENSMUSG00000090877	0.0005041043709706483	0.0003131329476824818	363.0
ENSMUSG00000026864	0.000503762597108659	5.661459008093894e-05	56.5
ENSMUSG00000109314	0.0005034867805989163	0.0002540153680778423	307.5
ENSMUSG00000069265	0.0005034648730927738	2.0295950733439927e-05	37.5
ENSMUSG00000022026	0.0005032543314590909	0.00025369866845154077	306.0
ENSMUSG00000033453	0.0005022904226347769	8.33241599717538e-05	93.0
ENSMUSG00000046070	0.0005019227754022859	0.0002200357041923784	268.5
ENSMUSG00000064358	0.0005019166799376529	0.00014257883178864228	182.0
ENSMUSG00000024780	0.0005017525930017808	0.00018635729223570596	239.5
ENSMUSG00000047907	0.0005009494371564505	0.00021770224215084122	280.5
ENSMUSG00000044338	0.0004986693158494648	7.874166473537114e-05	106.5
ENSMUSG00000026768	0.0004983310940578911	0.00020162866415823766	247.0
ENSMUSG00000048997	0.0004981590076415521	0.00012101354378163398	153.0
ENSMUSG00000028713	0.000497971825997312	0.00011631882349238953	143.0
ENSMUSG00000092805	0.000497452017043043	0.00020498963307807871	253.0
ENSMUSG00000027533	0.0004969615737284161	0.00039526473179657406	417.0
ENSMUSG00000045871	0.0004960142289111569	0.00013353317184144897	169.0
ENSMUSG00000030268	0.0004952288020046991	0.00015177164249335906	198.0
ENSMUSG00000020914	0.0004946415610881938	1.1775304462058322e-06	10.0
ENSMUSG00000114860	0.0004940771155202417	5.576830708348135e-05	79.5
ENSMUSG00000046318	0.000494074701180458	0.00022993217603417548	297.0
ENSMUSG00000053580	0.0004935824942082778	0.0003753464791750316	406.0
ENSMUSG00000028339	0.0004919944755125139	0.000140605000956473	183.5
ENSMUSG00000095595	0.0004916474625805689	0.00020707696892952043	268.5
ENSMUSG00000086859	0.0004904693683578376	0.000209804072317743	260.5
ENSMUSG00000020609	0.0004900945333340956	2.185699892215398e-05	20.0
ENSMUSG00000027331	0.0004890974061272924	0.0002836836965331435	355.0
ENSMUSG00000023043	0.000488932408693632	1.4125876904413914e-05	8.5
ENSMUSG00000022018	0.0004888535125706639	8.989690616334478e-05	126.0
ENSMUSG00000038550	0.0004886867492472913	0.0001167905298412597	150.5
ENSMUSG00000024087	0.0004886658200404237	3.0041937881974956e-05	33.0
ENSMUSG00000071637	0.0004883624869193026	9.962025890875026e-06	1.5
ENSMUSG00000046352	0.0004870134549744831	8.228686979538935e-05	115.5
ENSMUSG00000044249	0.0004855069705458903	0.00019265477271429576	245.0
ENSMUSG00002076451	0.000485138290208631	0.00014382245237248847	188.5
ENSMUSG00000041431	0.0004835647958290612	3.656313612748763e-05	52.5
ENSMUSG00000028927	0.00048345009030975605	0.00023066849794523003	301.0
ENSMUSG00000109378	0.0004823106124335341	2.5632050279833507e-05	25.5
ENSMUSG00000091694	0.00048216203304835004	5.260202255180646e-05	62.0
ENSMUSG00000021388	0.0004813044306069547	4.023460969809767e-05	58.0
ENSMUSG00000028031	0.0004805207597890493	6.453114785415215e-05	89.5
ENSMUSG00000003477	0.00048036194847234093	1.889405436827918e-05	13.5
ENSMUSG00000054422	0.00047871496177492867	0.0002474373813026731	314.0
ENSMUSG00000044349	0.00047836628110980994	7.65019836829195e-06	18.0
ENSMUSG00000064363	0.0004775785038417246	3.132358804686097e-05	47.0
ENSMUSG00000110928	0.000477411428500496	0.00023471746215947276	300.5
ENSMUSG00000043681	0.0004773892647637612	0.00022950195016052666	301.5
ENSMUSG00000037892	0.0004773189261375044	6.764249748808515e-05	84.5
ENSMUSG00000035186	0.00047726988677748716	7.994555643081602e-05	101.0
ENSMUSG00000118864	0.0004767936027622044	3.389260549924167e-05	51.0
ENSMUSG00000074254	0.0004766805493155446	0.00018319420360296546	238.5
ENSMUSG00000108825	0.00047664980487044373	3.0413565866693748e-05	30.0
ENSMUSG00000090264	0.0004760928225768235	0.00016566365713649445	217.5
ENSMUSG00000114206	0.0004759921028941738	0.0002380741086711602	314.0
ENSMUSG00000104693	0.0004759872322009362	7.69390604323239e-05	110.0
ENSMUSG00000038624	0.00047517366032828745	0.00023961303464409278	306.5
ENSMUSG00000120167	0.00047422564263888134	0.00018217889099780837	241.0
ENSMUSG00000078920	0.0004741302115382484	6.127910557679472e-05	84.0
ENSMUSG00000104503	0.00047075112646555173	0.00020763325154327106	274.5
ENSMUSG00000020108	0.0004700853277253003	0.00016839871014784347	230.5
ENSMUSG00000017969	0.00046995190283155575	0.00032142124469175526	376.5
ENSMUSG00000114279	0.00046944543522653426	0.00022992489194262333	304.5
ENSMUSG00000001473	0.0004693841292473522	5.198465562050725e-05	69.5
ENSMUSG00000098087	0.0004687144789043418	0.00029690445247293473	373.5
ENSMUSG00000119286	0.0004686910508314157	0.00020896694336985933	276.5
ENSMUSG00000029082	0.00046866474868928476	4.0906115591432535e-05	48.5
ENSMUSG00000031294	0.0004682682425554696	9.496244512646745e-05	137.5
ENSMUSG00000070469	0.00046817088192374623	0.00012854726717981269	173.0
ENSMUSG00000021207	0.00046800391390655616	7.250429746119558e-05	105.0
ENSMUSG00000025511	0.00046610002427549535	8.61096604526379e-05	117.5
ENSMUSG00000027831	0.00046575362249728913	0.0002764251872620638	355.5
ENSMUSG00000020653	0.00046466911690162815	0.00011662917585603116	171.0
ENSMUSG00000020911	0.0004632149238391614	6.796473427272964e-06	17.0
ENSMUSG00000053964	0.00046316573450377874	0.00011317976866564994	165.5
ENSMUSG00000053279	0.00046267495148344384	0.00026617935484252175	348.5
ENSMUSG00002076601	0.0004621104099541973	8.970979528094558e-05	132.0
ENSMUSG00000120543	0.0004611947773848768	0.00021957693227731	291.5
ENSMUSG00000005716	0.0004605299028631604	3.231262116198952e-05	45.5
ENSMUSG00000074028	0.0004601990965062974	0.0003375011170350106	407.5
ENSMUSG00000087259	0.00045966064344837854	0.00017981109266684836	242.5
ENSMUSG00000108599	0.0004590339017569445	0.00015639313435533708	219.0
ENSMUSG00000110386	0.0004588349681014514	0.00020826927169531606	278.0
ENSMUSG00000035540	0.0004582175107672448	0.0002857006399100692	365.5
ENSMUSG00000039236	0.0004582006590267973	0.00017918307648046028	242.0
ENSMUSG00000037725	0.00045787187478341096	0.00010112871082312846	150.0
ENSMUSG00000044748	0.00045749769940039986	0.00022866029015844447	302.0
ENSMUSG00000080316	0.00045509693389950145	3.279588289978319e-05	36.0
ENSMUSG00000038745	0.00045506610857271035	9.608752778067498e-05	141.5
ENSMUSG00000046574	0.00045444440135378183	6.393912180291395e-05	90.0
ENSMUSG00000074896	0.0004544175587944399	0.0002159737327402378	290.5
ENSMUSG00000121494	0.00045440633020793486	7.528246454086007e-05	110.5
ENSMUSG00000025089	0.00045358174293980147	9.73937331203989e-05	136.0
ENSMUSG00000079165	0.00045238559649568577	5.267659106461542e-05	75.5
ENSMUSG00000048078	0.0004519337930249945	5.282417769869596e-05	72.0
ENSMUSG00000070368	0.0004518670373811484	7.928776625604206e-05	114.5
ENSMUSG00000056313	0.00045100893098337647	0.00022205214263826267	297.5
ENSMUSG00000064339	0.00045080791319113134	3.979923461577828e-05	46.5
ENSMUSG00000061959	0.00045063086430446875	4.996299097465018e-05	66.0
ENSMUSG00000021228	0.00045054956958384684	9.655018817894545e-05	144.5
ENSMUSG00000027962	0.0004500149905432571	7.766593814167999e-05	117.0
ENSMUSG00000024640	0.0004496740003444577	0.00018076260254151766	248.5
ENSMUSG00000090958	0.00044895410721440543	9.433778891637656e-05	142.0
ENSMUSG00000030364	0.00044847637670680784	0.000163817638596242	221.0
ENSMUSG00000062248	0.0004483749236217083	0.00013289641553282383	179.5
ENSMUSG00002075983	0.0004482726645146373	1.9771359610398775e-05	29.0
ENSMUSG00000032420	0.0004482142171214898	0.00017118403877547372	236.5
ENSMUSG00000024313	0.0004478333372282539	8.348187839518628e-05	122.5
ENSMUSG00000095675	0.0004474907797955008	0.0001143712944071118	171.0
ENSMUSG00000064337	0.00044717465946142454	1.9133559645778675e-05	19.0
ENSMUSG00000005413	0.0004464545312303225	0.00011464981429604171	161.5
ENSMUSG00000079042	0.0004460939582845991	0.00014973269726220595	203.5
ENSMUSG00000047379	0.00044603553665995	0.0002443697630227226	324.5
ENSMUSG00000026348	0.00044504605695233623	0.00020114614765848193	276.5
ENSMUSG00000025082	0.00044442934370408915	3.553786954796356e-05	53.0
ENSMUSG00000030862	0.0004444005734931533	0.0003600705729243092	419.5
ENSMUSG00000046999	0.00044420124474481293	5.238722525946482e-06	1.5
ENSMUSG00000001349	0.00044254088968304073	1.4784922659105693e-05	23.5
ENSMUSG00000024552	0.0004423167707692244	0.00013334526413766312	185.5
ENSMUSG00000032081	0.0004415159320371176	0.00020755047762610612	288.0
ENSMUSG00000031886	0.0004412951188428882	5.9350344027098156e-05	88.5
ENSMUSG00000041797	0.0004408545271770703	0.0002098996331446057	290.5
ENSMUSG00000006542	0.00043954121372224986	0.00015105384912461606	207.5
ENSMUSG00000104369	0.0004384960873801136	4.307601309017084e-05	67.0
ENSMUSG00000100862	0.0004371136214259552	0.00026548952726246355	348.0
ENSMUSG00000027875	0.0004369050132422281	6.289081654009543e-05	93.0
ENSMUSG00000021390	0.00043593456714763335	0.0002994234004571883	363.5
ENSMUSG00000026473	0.00043537340305399574	2.2810243009208087e-05	29.0
ENSMUSG00000069874	0.000433893101556726	5.573959992055677e-05	78.0
ENSMUSG00000042379	0.0004332769823878202	0.00024007184025953698	318.0
ENSMUSG00000111692	0.00043305565359941234	0.0002849335494612415	370.0
ENSMUSG00000101249	0.00043271089362167947	7.592419680585438e-05	115.0
ENSMUSG00000121777	0.00043257972802196454	0.000216141554226168	297.0
ENSMUSG00000102349	0.00043237186581362996	0.00016764273714769962	235.0
ENSMUSG00000017002	0.0004318731601812287	5.5371687520344715e-05	83.0
ENSMUSG00000068964	0.00043111870083301085	3.916033351381021e-05	55.0
ENSMUSG00000083012	0.0004302976160251437	0.00021287306220812985	293.0
ENSMUSG00000037071	0.0004297116510629251	0.00013159596261863582	201.0
ENSMUSG00000030739	0.00042898806565877523	7.491623168304207e-05	113.0
ENSMUSG00000019997	0.00042822709287670957	0.00027215322229956485	345.0
ENSMUSG00000058952	0.00042696216210386106	5.203519840174531e-05	78.0
ENSMUSG00000050097	0.0004258864925701378	0.000282848591782181	368.0
ENSMUSG00000017724	0.00042579918475488254	0.0001165794029000522	179.0
ENSMUSG00000048154	0.0004254635411800045	2.8619622245429355e-05	43.0
ENSMUSG00000037053	0.00042503425142959017	0.00011388811415657951	174.0
ENSMUSG00000040562	0.000424949154568921	6.646451990333091e-05	96.5
ENSMUSG00000038393	0.00042481309789049737	9.320321441824708e-05	141.5
ENSMUSG00000030987	0.0004241556099069954	0.0002041093724448051	278.0
ENSMUSG00000026712	0.0004237991620867909	0.0003219265496758883	376.5
ENSMUSG00000020038	0.00042365277672473667	0.00020530538474827775	283.0
ENSMUSG00000069267	0.0004235651520706485	0.00012090273664822071	186.0
ENSMUSG00000028909	0.00042199463400455217	0.00011513874252883083	177.0
ENSMUSG00000022218	0.0004218829158401105	6.948533094541798e-05	103.0
ENSMUSG00000065947	0.00042187586262792953	0.00013488517186405202	202.5
ENSMUSG00000032010	0.00042142154546626065	0.0001680336744767641	235.5
ENSMUSG00000029414	0.0004212511588660428	0.00014192892771314192	214.5
ENSMUSG00000041920	0.00042071903686796697	4.81538797330594e-05	75.0
ENSMUSG00000089960	0.00041995501336772323	8.271238171081441e-05	127.0
ENSMUSG00000030878	0.0004196626392025671	0.00022460158675730035	307.0
ENSMUSG00000038894	0.00041844663891954514	1.2359947756168665e-05	23.0
ENSMUSG00000121505	0.00041749345846320285	0.00026632154680428233	352.0
ENSMUSG00000032902	0.00041720955662666315	2.253406140900749e-05	42.5
ENSMUSG00000027715	0.00041583840521669524	1.812005853057963e-05	31.5
ENSMUSG00000031383	0.00041494347948528576	0.00013759789446793347	204.0
ENSMUSG00000121793	0.000414866828683913	2.7387338739581768e-05	43.5
ENSMUSG00000092595	0.00041441232648459225	9.738783328161471e-06	17.0
ENSMUSG00000078650	0.000414040398817872	0.00016903591777917004	250.5
ENSMUSG00000073418	0.0004140168503556918	4.1199254441903754e-05	66.0
ENSMUSG00000025203	0.00041371127795403195	0.00012397459921581477	187.5
ENSMUSG00000029321	0.00041258777230551713	3.631244187957128e-05	59.5
ENSMUSG00000098306	0.00041258599787130645	1.0981021841049987e-05	16.5
ENSMUSG00000033634	0.0004120187568764644	1.585549859273172e-05	29.5
ENSMUSG00000069917	0.00041200474225949746	0.0002814621805288797	365.0
ENSMUSG00000106107	0.0004119448479871779	1.3331690044637856e-05	24.5
ENSMUSG00000109628	0.00041175546739019575	0.00029956331163444316	363.0
ENSMUSG00000039221	0.00041108263621747465	0.00010158665966697455	155.5
ENSMUSG00000060317	0.0004110790222021099	2.4712255182801623e-05	42.5
ENSMUSG00000010651	0.00041098985799664645	0.00010781952036126308	166.5
ENSMUSG00000008683	0.0004103165835256939	8.735178019042555e-05	130.5
ENSMUSG00000064341	0.00041011833737986114	1.0998915677684629e-06	5.5
ENSMUSG00000025316	0.00040988507450839817	0.00021076616569698503	292.0
ENSMUSG00000021214	0.00040887769898134696	9.954293964353766e-05	155.0
ENSMUSG00000086782	0.0004084245426397848	0.0002446701375364846	328.5
ENSMUSG00000028967	0.00040808607631187543	3.293806988030612e-05	57.5
ENSMUSG00000034771	0.0004077469453065974	8.694748998511193e-05	130.0
ENSMUSG00000058927	0.00040752397035087595	5.755640751509139e-05	93.5
ENSMUSG00000026077	0.0004060051028685341	0.00012060903308935833	183.5
ENSMUSG00000030795	0.0004057853074244111	9.40473638286754e-05	147.5
ENSMUSG00000103313	0.0004054176119197561	7.301658351038798e-05	117.0
ENSMUSG00000066113	0.00040526189973366655	2.103001045783426e-05	35.0
ENSMUSG00000029641	0.0004050883263311267	0.00010390697824069761	165.5
ENSMUSG00000026202	0.0004044394547176311	0.00014885185235541387	225.5
ENSMUSG00000029445	0.0004038681430998947	3.450118710834893e-06	2.5
ENSMUSG00000101939	0.0004019016583318713	0.00019020840114458704	275.5
ENSMUSG00000058620	0.0004018860516562528	0.0001349423038481401	207.0
ENSMUSG00000063556	0.00040148464523392935	0.0002694865719971018	352.0
ENSMUSG00000022797	0.0004007190223058177	6.200124536254181e-05	100.5
ENSMUSG00000037440	0.0004003846646666309	0.00018994644883174594	267.0
ENSMUSG00000109429	0.0003997723541055431	8.978896802197545e-05	142.0
ENSMUSG00000027870	0.00039886404234840134	0.00023572460652027116	319.5
ENSMUSG00000034371	0.0003986512774398765	2.5857266252926614e-05	43.0
ENSMUSG00000074179	0.0003981235072673672	2.545705853390645e-05	42.5
ENSMUSG00000062488	0.0003977003886660446	0.00018718862964628435	262.5
ENSMUSG00000024186	0.00039702020361626067	7.158952621239001e-05	114.5
ENSMUSG00000089809	0.0003950464922051755	3.223971180926766e-05	58.0
ENSMUSG00000041523	0.00039503349798097886	0.0002817531693222186	363.5
ENSMUSG00000031604	0.0003947628522950608	2.1226221662173916e-05	44.0
ENSMUSG00000061808	0.00039476000403682043	1.345582155076741e-05	27.0
ENSMUSG00000048911	0.0003944731407548585	2.7399798915583862e-05	44.0
ENSMUSG00000052305	0.0003944144326635257	3.5465234592524375e-05	62.0
ENSMUSG00000077323	0.00039437512368711847	1.6276102524748204e-05	35.0
ENSMUSG00000118837	0.0003939899244333467	0.00011902244601375012	183.5
ENSMUSG00000054385	0.0003932557662432723	2.671324736736036e-05	42.5
ENSMUSG00000118669	0.0003931095456616851	0.00011801237831815525	183.5
ENSMUSG00000032786	0.00039259230788785127	0.00033177283449231654	374.5
ENSMUSG00000020681	0.00039227539414715684	0.00011178231919456438	172.5
ENSMUSG00000024561	0.00039048327628959933	1.514642352190565e-05	22.5
ENSMUSG00000026971	0.0003892977533123121	7.61560984215981e-05	121.5
ENSMUSG00000001506	0.00038925058739158747	0.00014347855785368235	216.0
ENSMUSG00000041237	0.0003888964829600883	0.00011082372144061159	173.0
ENSMUSG00000024299	0.00038875831741636	0.00012118495052904077	187.0
ENSMUSG00000022508	0.00038839481243679863	0.00014650048137121452	221.5
ENSMUSG00000073940	0.0003876797928535347	5.0079840069272574e-05	86.5
ENSMUSG00000072893	0.0003876288341752021	1.3297294112479818e-06	3.5
ENSMUSG00000025317	0.00038736992388382907	0.0002681928466635175	352.5
ENSMUSG00000034450	0.00038675303607227374	0.00020459172516174018	285.5
ENSMUSG00000005268	0.00038579057849613685	0.00011408165674114956	177.5
ENSMUSG00000061353	0.00038555717965294	7.620822024945184e-05	122.0
ENSMUSG00000073640	0.00038546429379149316	0.000266697280910555	350.0
ENSMUSG00000026043	0.0003852747378573218	6.010226997710255e-05	100.5
ENSMUSG00000038331	0.00038516439081942577	2.3143399934533182e-05	36.5
ENSMUSG00000090021	0.00038479566994154	0.00010682175069343103	165.0
ENSMUSG00000081604	0.00038403814624160537	0.0001401183826899577	214.5
ENSMUSG00000029830	0.0003831066665788696	0.00023080241634559906	311.5
ENSMUSG00000058258	0.0003821948834176747	3.154912027641954e-05	53.5
ENSMUSG00000115232	0.0003819523701118488	5.84373536413052e-05	99.5
ENSMUSG00000059743	0.0003815643235584587	1.3611017764703082e-05	19.0
ENSMUSG00000060143	0.0003799178577094109	0.00012983292895663023	200.0
ENSMUSG00000091705	0.0003796296754913775	0.0002594303409594878	343.5
ENSMUSG00000045672	0.00037912247605015326	6.467262263493145e-05	109.0
ENSMUSG00000052516	0.00037772497946136907	2.790382846346029e-05	56.0
ENSMUSG00000028001	0.000377298855161301	0.00027245900618061425	353.5
ENSMUSG00000028108	0.0003771525881327009	0.00015751705284056117	235.0
ENSMUSG00000027339	0.0003771186301652074	0.0002006215047525295	290.5
ENSMUSG00000033860	0.0003766223138779723	0.00015434897572613737	228.0
ENSMUSG00000032758	0.0003747369154071811	0.00019377684369065173	276.5
ENSMUSG00000027699	0.00037427466935818776	1.9789151273930106e-05	37.0
ENSMUSG00000116993	0.0003741000621141355	1.6183142915182636e-05	23.5
ENSMUSG00000056328	0.00037323867906391417	0.0002399758776155947	318.5
ENSMUSG00000022123	0.00037230327445225697	0.00015705669127275002	233.5
ENSMUSG00000022435	0.00037226843401449994	0.00011065116717323686	173.5
ENSMUSG00000028214	0.00037224826929666	9.917567212969214e-06	23.5
ENSMUSG00000098934	0.00037211996624209043	2.458075540900939e-05	50.5
ENSMUSG00000074063	0.00037206300413122895	8.022047577499469e-05	133.0
ENSMUSG00000064357	0.0003714743071899784	2.0760696866073403e-05	41.0
ENSMUSG00000076609	0.00037031902631085023	0.00019715191753783	279.5
ENSMUSG00000026822	0.00036995661802396995	8.4660073308096e-05	138.0
ENSMUSG00000064354	0.00036887939909369116	8.255225950193346e-05	134.5
ENSMUSG00000120254	0.0003680371150122097	4.841898099872122e-05	77.5
ENSMUSG00000040808	0.00036772029547160745	4.214309220429424e-05	78.0
ENSMUSG00000080465	0.0003677031494492833	0.000149930804208942	231.5
ENSMUSG00000078921	0.0003669079356644067	4.29440095248701e-05	78.0
ENSMUSG00000042116	0.0003667512245439375	4.943487669500923e-05	79.0
ENSMUSG00000066632	0.0003642405916295388	1.1961381161218476e-05	29.0
ENSMUSG00000034456	0.0003623040884188078	0.0002012141872639872	295.0
ENSMUSG00000029778	0.0003621107268397261	0.00019893843011115075	282.0
ENSMUSG00000064370	0.0003617981747395804	0.00011821091273633844	186.0
ENSMUSG00000021876	0.00036173934838135136	7.922757977374406e-05	132.5
ENSMUSG00000019944	0.00036089881600032125	0.00011012442456515004	176.0
ENSMUSG00000036752	0.00036069474488392705	6.819428985499476e-05	114.5
ENSMUSG00000069763	0.0003605105109575901	0.00023385248332213893	325.5
ENSMUSG00000079018	0.00035970533619417155	9.055965701604274e-05	150.5
ENSMUSG00000068240	0.0003588404700218262	0.0002561137252432011	327.0
ENSMUSG00000023013	0.0003581147944902163	2.332401309712573e-05	33.5
ENSMUSG00000093789	0.00035741288653784453	4.711607618518299e-05	83.5
ENSMUSG00000115420	0.0003573637163599708	0.0001226201718957931	194.0
ENSMUSG00000112441	0.00035730804789968484	0.00017010674545692162	257.0
ENSMUSG00000079419	0.00035722208918681497	0.00011593393886094594	183.0
ENSMUSG00000053862	0.0003563331460371133	5.436221468091418e-06	17.0
ENSMUSG00000055333	0.00035510725066267845	2.7047425626314237e-05	41.5
ENSMUSG00000064451	0.00035300722387632266	4.591597427794358e-05	75.0
ENSMUSG00000069516	0.00035287369656444856	5.870400502316908e-05	97.5
ENSMUSG00000020429	0.0003524303481257651	3.7217227004116005e-06	2.0
ENSMUSG00000025889	0.00035224846620879324	0.00016498682990601088	249.0
ENSMUSG00000049539	0.00035216543980720605	8.400892922522107e-05	138.0
ENSMUSG00000095079	0.00035075280395285846	2.2487572107598996e-05	29.0
ENSMUSG00000078853	0.0003481846980957215	4.166604785804662e-05	74.0
ENSMUSG00000056487	0.00034768023065090414	8.166684582866512e-05	134.5
ENSMUSG00000068086	0.00034715853900046945	0.00014977099916779757	225.0
ENSMUSG00000074170	0.00034697357601304324	8.947984322810187e-05	150.5
ENSMUSG00000104388	0.0003459796649055158	2.8306113951825917e-05	54.0
ENSMUSG00000036446	0.00034558901100412154	0.00014573874393908337	223.0
ENSMUSG00000074577	0.00034516106700777094	4.3086747034015715e-05	70.5
ENSMUSG00000038418	0.0003447987677145936	0.00015471273433170785	233.0
ENSMUSG00000023262	0.0003441117663457449	6.217181481105172e-05	108.0
ENSMUSG00000029193	0.00034292166913618694	9.205955869528992e-05	154.0
ENSMUSG00000120425	0.0003426164635843554	8.624775459409317e-05	140.0
ENSMUSG00000048120	0.0003418022356475592	3.584056074285025e-05	69.0
ENSMUSG00000024222	0.00034169443778064856	7.806447528391214e-05	123.0
ENSMUSG00000035828	0.00034153640848816336	5.2765744722294006e-05	82.0
ENSMUSG00000050074	0.00034073389476119154	8.212780394978303e-06	3.5
ENSMUSG00000121042	0.0003406345830713198	0.00013231416669146068	207.0
ENSMUSG00000004552	0.0003403748549206109	7.972893695490368e-05	126.0
ENSMUSG00000055430	0.00033948062077737706	1.2695088559500078e-05	12.0
ENSMUSG00002076650	0.000339136666062001	5.370016051997606e-05	83.5
ENSMUSG00000097421	0.0003388705061345143	0.00013585466950422065	211.0
ENSMUSG00000034739	0.00033849631234550426	7.599269122193775e-05	134.5
ENSMUSG00000104094	0.00033760344703415157	0.00015377201575073052	230.5
ENSMUSG00000055866	0.0003375360577683728	7.154744399878732e-05	126.5
ENSMUSG00000061825	0.0003373494808154298	5.3374030371089454e-05	91.0
ENSMUSG00000007872	0.00033710590134961027	1.7933742114895068e-05	22.0
ENSMUSG00000005980	0.00033653621444185156	4.351363334031966e-05	77.5
ENSMUSG00000053877	0.0003364049343975162	4.4354510363164845e-05	80.5
ENSMUSG00000044674	0.0003360574696096852	2.4305417150427555e-05	35.0
ENSMUSG00000033855	0.0003357018593782568	7.252792722645118e-05	127.0
ENSMUSG00000001119	0.0003349701280467854	0.00010485069904636601	176.0
ENSMUSG00000049511	0.00033491015249870193	0.00013419385598206768	209.0
ENSMUSG00000021565	0.00033454816128652975	0.00014907134512376352	225.5
ENSMUSG00000031431	0.0003340641659108634	9.081603745342282e-05	156.5
ENSMUSG00000078922	0.0003338508306947596	4.43972006741733e-06	1.5
ENSMUSG00000045294	0.0003327985857137783	0.00017122556674153966	253.0
ENSMUSG00000031461	0.00033268339202008335	0.00023465117292897908	305.0
ENSMUSG00000121034	0.00033263103017322493	7.839349556970632e-05	137.5
ENSMUSG00000034855	0.0003323045439210248	2.87992929889902e-05	43.0
ENSMUSG00000023120	0.00033192988200697604	6.249136237296282e-05	108.5
ENSMUSG00000027245	0.0003316033148119679	3.8738945034033634e-05	68.0
ENSMUSG00000084174	0.00033112073701691003	8.580442884265072e-05	150.0
ENSMUSG00000021508	0.000330980200536124	8.74241919940344e-05	153.0
ENSMUSG00000100426	0.00032853325110182574	1.1741547956134468e-05	9.5
ENSMUSG00000071532	0.0003284018355523277	2.675077001829118e-05	50.0
ENSMUSG00000102856	0.00032745769284336923	0.0001595577299191575	235.0
ENSMUSG00000040860	0.00032590504555424227	0.00013176607881010272	204.5
ENSMUSG00000057092	0.000324891530788185	0.00013881206139776392	215.0
ENSMUSG00000027078	0.00032448220815645135	8.552066111794376e-05	137.0
ENSMUSG00000093445	0.00032446685969578226	0.00016553121962781248	246.5
ENSMUSG00000029093	0.0003224672665845252	0.00012602765722630194	200.5
ENSMUSG00000020823	0.00032228716669713275	0.00010603941841680342	167.5
ENSMUSG00000066072	0.00032212725542046794	0.00010400169506097345	162.5
ENSMUSG00000031725	0.000321902075170577	7.937912707034478e-05	142.0
ENSMUSG00000016252	0.00032065709649159446	1.2796304485529486e-05	16.0
ENSMUSG00000038526	0.00032015318857647745	3.396078069484165e-05	46.5
ENSMUSG00000022546	0.00031958850665769756	0.00016244533630482838	244.0
ENSMUSG00000040693	0.00031802917674089715	0.000148782323295793	222.5
ENSMUSG00000059336	0.0003178581300594119	0.00016229083505087116	243.0
ENSMUSG00000037754	0.00031771153194443125	8.667301879555778e-05	150.0
ENSMUSG00000085334	0.0003170585592453534	8.673135609349458e-05	135.0
ENSMUSG00000114943	0.0003158312813456021	3.0105598199603456e-05	37.5
ENSMUSG00000045193	0.0003154200207534097	0.00011427587409712503	182.0
ENSMUSG00000054364	0.0003152118413758398	8.138890178477354e-06	21.0
ENSMUSG00000022679	0.0003134050856672399	8.10977421661363e-07	4.0
ENSMUSG00000050069	0.00031334782649261594	0.00014869612278234356	223.0
ENSMUSG00000030096	0.00031277140877911114	0.0001902126502296153	271.0
ENSMUSG00000026435	0.00030951608243512396	3.8700602373431536e-05	69.0
ENSMUSG00000019577	0.00030941688700786285	0.0001255501507163026	193.5
ENSMUSG00000033676	0.00030932343590595046	6.57757553170768e-05	117.0
ENSMUSG00000115190	0.00030898127232398265	2.643137538671514e-06	2.0
ENSMUSG00000085894	0.0003084196447353804	9.466282813674898e-05	143.5
ENSMUSG00000037010	0.00030742057175969784	4.13061012998206e-05	74.0
ENSMUSG00000016763	0.00030705509396233843	0.00013070649682611624	202.0
ENSMUSG00000024644	0.000306629010064452	0.0001672076565240599	244.0
ENSMUSG00000002265	0.00030660001520499414	2.6529366814576072e-05	35.0
ENSMUSG00000086841	0.00030559308619232395	4.195861908529164e-06	12.5
ENSMUSG00000029478	0.00030486972390764144	7.918396097572611e-05	136.5
ENSMUSG00000052562	0.00030201257068512843	0.00017193936973208812	249.0
ENSMUSG00000021125	0.000301341201789318	6.616594286829036e-05	99.0
ENSMUSG00000026188	0.0003004360794344185	0.0001271698813020139	191.5
ENSMUSG00000043099	0.00030034564278247355	5.257934233293682e-05	75.0
ENSMUSG00000016200	0.00030033278016416975	9.338818459581066e-05	141.5
ENSMUSG00000023886	0.00030027832089662976	0.00019380533767332508	272.5
ENSMUSG00000030218	0.00029990244687083667	3.7458513892585366e-05	49.5
ENSMUSG00000038641	0.0002998274894226438	7.989773141697798e-05	116.0
ENSMUSG00000051262	0.00029916899433712896	9.943394873512812e-05	161.5
ENSMUSG00000065353	0.00029838792205988396	9.009727991687866e-05	136.5
ENSMUSG00000022951	0.0002983402739343277	5.856423603672889e-05	106.5
ENSMUSG00000066170	0.0002981660328181257	4.996489990988229e-05	67.0
ENSMUSG00000039364	0.0002979823091961986	8.799833642347821e-05	132.0
ENSMUSG00000105096	0.000296967424634198	5.7767496227822956e-05	103.5
ENSMUSG00000062785	0.00029618699414901695	0.00022856922043079653	289.5
ENSMUSG00000056025	0.0002948565303040329	2.2951293648043603e-05	46.0
ENSMUSG00000030711	0.00029405627706641235	6.250036956828575e-05	92.0
ENSMUSG00000038453	0.00029227085326993807	4.099682591157672e-05	73.0
ENSMUSG00000001095	0.00029202744528450397	4.6233054631306114e-05	82.5
ENSMUSG00000043144	0.00029136295515985733	0.00010575232236276211	170.5
ENSMUSG00000038963	0.0002912407588799848	7.466387839749622e-05	107.5
ENSMUSG00000015656	0.0002910961245730648	8.00232468632367e-05	131.0
ENSMUSG00000032115	0.0002909856669385258	0.0001030135506459029	163.0
ENSMUSG00000023034	0.0002881935611085962	0.00013069558746642285	194.0
ENSMUSG00000029368	0.00028751268738191893	4.206053601285564e-05	58.5
ENSMUSG00000033715	0.0002871599922671386	8.001975078175683e-05	116.0
ENSMUSG00000022613	0.0002865942707108715	0.00015106598637337765	224.0
ENSMUSG00000050071	0.0002859007402961633	2.619847365686878e-05	35.0
ENSMUSG00000028776	0.0002856441061070969	1.845604344485885e-05	21.0
ENSMUSG00000037254	0.00028396271119196514	3.674858169172568e-05	67.5
ENSMUSG00000039438	0.00028328832440494	6.793768491319963e-05	113.0
ENSMUSG00000036602	0.00028313404628799166	0.00010045315771622931	147.0
ENSMUSG00000090101	0.00028233968770180473	6.013194764004082e-05	80.5
ENSMUSG00000120623	0.0002810527775410354	3.504430289308358e-05	65.0
ENSMUSG00000031465	0.0002808613061824339	4.9533804836077167e-05	69.0
ENSMUSG00000030064	0.00028031015355234334	0.00023431952557539937	284.0
ENSMUSG00000043705	0.0002793107607211853	2.3400144388174837e-05	44.5
ENSMUSG00000039109	0.0002792124470102908	7.079749580712891e-05	116.5
ENSMUSG00000078894	0.00027865508224472757	9.859430878850217e-05	159.0
ENSMUSG00000020620	0.00027760763379813813	0.00014738218877152764	217.5
ENSMUSG00000001870	0.0002774832647913783	0.00016940726558323238	235.0
ENSMUSG00000010064	0.0002772577426596312	0.00015729300959210768	226.5
ENSMUSG00000079494	0.00027664424221302	7.547369359700573e-05	121.0
ENSMUSG00000026220	0.00027464068786642315	0.00010996647365180134	157.0
ENSMUSG00002075625	0.0002742163241408191	5.9407607075678825e-05	100.5
ENSMUSG00000010307	0.00027411803805293955	0.0001039597813662918	145.5
ENSMUSG00000042371	0.00027377994503452463	9.571636427674335e-06	25.5
ENSMUSG00000019874	0.0002731610240440663	7.363122520553933e-05	116.5
ENSMUSG00000024164	0.0002730485955003137	4.657253591583421e-05	84.5
ENSMUSG00000015981	0.00027060440572151956	9.90065568279852e-05	154.0
ENSMUSG00000015944	0.00026988658294063717	3.625906410736901e-05	65.0
ENSMUSG00000044986	0.0002695847547771746	5.654359584855717e-05	77.0
ENSMUSG00000022512	0.00026949933068232124	0.00013429792017238817	191.5
ENSMUSG00000069307	0.00026925477609052173	4.860280452456678e-05	84.5
ENSMUSG00000068742	0.0002689847004966883	9.555858997517541e-05	148.5
ENSMUSG00000042102	0.000268958869286573	8.03938440485652e-06	22.0
ENSMUSG00000049241	0.0002686987030531274	7.036470335175515e-06	21.0
ENSMUSG00000020593	0.0002686464000621336	8.807974109009686e-05	124.5
ENSMUSG00000056234	0.0002664340186591674	4.706312247221289e-05	80.5
ENSMUSG00000119262	0.0002645009502107998	5.7939214827329444e-05	98.0
ENSMUSG00000034522	0.00026425545709818365	2.368213210202086e-05	29.5
ENSMUSG00000027246	0.0002637497471587591	4.474032901496949e-05	57.5
ENSMUSG00000041974	0.000263369024251614	0.00011386871666851928	158.0
ENSMUSG00000063382	0.0002629575772049031	1.327442138593371e-05	10.0
ENSMUSG00000036892	0.0002627932336980443	1.03515244456176e-05	26.0
ENSMUSG00000105703	0.0002611708742367158	0.0001047693182182341	158.5
ENSMUSG00000034892	0.0002608760303979274	5.7432534866452833e-05	78.5
ENSMUSG00000026156	0.0002608113059595074	0.00015968172092400978	219.5
ENSMUSG00000022010	0.00025895980868023694	0.0001464660041201049	203.0
ENSMUSG00000049303	0.0002580412962198131	1.7478160023176592e-06	14.5
ENSMUSG00000087935	0.00025650988747399905	3.9019543840834725e-05	50.0
ENSMUSG00000033770	0.00025610488843785806	0.00012741039347718974	174.5
ENSMUSG00000037686	0.00025593029152942703	0.0001445746594473385	200.0
ENSMUSG00000021451	0.000255405594671021	3.0618505028612297e-06	6.0
ENSMUSG00000027360	0.0002551658431724779	8.60349818495032e-05	131.5
ENSMUSG00000041301	0.0002546322882069352	8.196140661237417e-05	107.5
ENSMUSG00000084106	0.0002511603814279728	0.00011471976492122282	154.0
ENSMUSG00000039648	0.00024977295584760473	3.711708278175685e-06	16.5
ENSMUSG00000024818	0.00024971221831260326	0.0001390864297816652	191.0
ENSMUSG00000089417	0.00024859174802494	0.00017382326311909946	225.5
ENSMUSG00000020651	0.00024530878008854895	8.376031064882827e-05	112.0
ENSMUSG00000078664	0.0002446972478548082	9.239513129433163e-05	122.0
ENSMUSG00000097305	0.00024406546270461238	5.2922812470823644e-05	81.0
ENSMUSG00000019767	0.00024387006413773005	0.00013235694976176937	173.5
ENSMUSG00000024190	0.00024367080061532542	1.5921602813884217e-05	12.5
ENSMUSG00000068744	0.00024331348683681586	0.0001064060377989895	136.5
ENSMUSG00000022853	0.00024093980523076652	6.118123715870283e-05	78.0
ENSMUSG00000037953	0.00024073326526707906	8.064863592771587e-05	107.5
ENSMUSG00000120913	0.00024046634856372817	0.00011242354727508674	146.0
ENSMUSG00000004328	0.00024029120993768194	1.6723286827169392e-05	37.5
ENSMUSG00000056608	0.00023944738398545828	9.499670297669072e-05	137.0
ENSMUSG00000110040	0.00023046418318084516	6.17538241125537e-05	77.5
ENSMUSG00000026185	0.00023009795105433106	0.00010617053012917932	133.0
ENSMUSG00000075705	0.0002279926008093569	2.8589777355592094e-05	30.5
ENSMUSG00000030972	0.00022798473573748534	8.084059778745711e-05	113.0
ENSMUSG00000019929	0.000227001152482198	1.8399170483407445e-05	13.5
ENSMUSG00000074715	0.0002239287146047486	6.950489180312935e-06	20.0
ENSMUSG00000023067	0.00022310529750402264	7.592571261549885e-05	96.0
ENSMUSG00000005547	0.0002208818528673384	0.00010487098074679624	130.5
ENSMUSG00000054146	0.0002196858072611163	1.1839035945482301e-06	13.5
ENSMUSG00000028327	0.00021719487256033343	3.940566020643743e-05	63.0
ENSMUSG00000032085	0.00021635624875615544	1.9461388786501388e-05	34.5
ENSMUSG00000079495	0.00021635562708643974	1.5536990179310095e-05	30.0
ENSMUSG00000002055	0.0002150366965786854	7.026450464048262e-05	86.0
ENSMUSG00000048096	0.00021457992337503562	5.2930681085472386e-05	60.5
ENSMUSG00000079357	0.00021320073898373204	5.3755085601736585e-05	78.5
ENSMUSG00000029372	0.0002090376452211773	2.6106085127097778e-05	20.0
ENSMUSG00000120875	0.00020832333005965653	3.425486524161192e-05	29.0
ENSMUSG00000121069	0.0002059731358015071	3.583308908838845e-05	54.5
ENSMUSG00000030109	0.00020548839968365096	6.95603646816978e-05	78.0
ENSMUSG00000048636	0.00020473934086800982	6.042419050944492e-06	18.0
ENSMUSG00000121655	0.0002032535221616616	3.942319429139918e-05	37.0
ENSMUSG00000051747	0.0001993907605333245	9.064537747405232e-06	1.0
ENSMUSG00000058248	0.0001980193477545411	0.00011284156576973903	127.5
ENSMUSG00000024411	0.0001973014563499409	1.17707861346239e-05	4.0
ENSMUSG00000050359	0.00019726260100139115	1.0573615010556203e-05	1.0
ENSMUSG00000069919	0.00019650574848922853	4.8011667103609046e-05	65.5
ENSMUSG00000054072	0.00019520153378677074	1.590356394881587e-05	30.5
ENSMUSG00000088185	0.00018998054656349517	1.7681652183632046e-05	30.5
ENSMUSG00000032978	0.00018943135141274992	3.6286560940512746e-05	52.0
ENSMUSG00000073988	0.00018604955273682222	6.03259493429098e-05	62.0
ENSMUSG00000064368	0.00018419464754387826	7.269910034918281e-05	88.0
ENSMUSG00000064360	0.00018179152696823353	9.653105072554569e-05	98.5
ENSMUSG00000044786	0.0001782091119601481	3.3816833551358894e-05	46.5
ENSMUSG00000119776	0.00017691791226004394	6.204062534820309e-06	17.0
ENSMUSG00000034457	0.00017313640373833872	3.119276110502556e-05	41.5
ENSMUSG00000029673	0.00017017150729303765	3.4006089204119405e-05	42.5
ENSMUSG00000032515	0.00016956901778036881	2.9761095205860233e-05	37.0
ENSMUSG00000026622	0.00016903247372079822	7.853747844244197e-05	73.5
ENSMUSG00000028937	0.000168735354032723	3.6869300693798124e-05	46.5
ENSMUSG00000045875	0.00016846443696411084	0.00010026338728358342	101.0
ENSMUSG00000070645	0.00016769999735555263	0.00013527596142270948	121.0
ENSMUSG00000029273	0.00016522632329946108	2.37217864042516e-05	16.5
ENSMUSG00000058740	0.0001636564761672843	4.857209423614339e-06	2.0
ENSMUSG00000032080	0.000162159447609167	4.8320498680809454e-05	42.0
ENSMUSG00000116305	0.00016168079065176366	2.6461248722742248e-06	12.0
ENSMUSG00000108884	0.0001577300676863791	1.6478333608294093e-05	9.0
ENSMUSG00000026678	0.00015573443227118178	8.766607301763374e-05	81.0
ENSMUSG00000004105	0.00015148767793854434	2.447433345159622e-05	16.0
ENSMUSG00000066687	0.00015000756396332804	4.763161703857932e-05	46.0
ENSMUSG00000121404	0.00014738064046970756	1.6484458494447907e-05	22.5
ENSMUSG00000030004	0.00014594191367811593	1.2894939186325338e-05	16.5
ENSMUSG00000115423	0.0001417691580668512	6.847974584400784e-05	58.5
ENSMUSG00000116097	0.00014156368878626147	3.587876063704254e-05	36.5
ENSMUSG00000028976	0.00012325354519326925	4.286658868157822e-05	23.5
ENSMUSG00000025270	0.0001230203370558569	1.0623381758223527e-05	5.5
